_ID,Start_time,Completion_time,Source_of_home_internet,Devices_used_in_the_household,Gender,Age,Annual_household_income,Highest_level_of_education,Housing_situation,Race_ethnicity,Searching_for_information_on_the_Internet,Managing_information_found_on_the_Internet_organizing_saving_and_storing_it_for_reuse,Filling_out_forms_on_the_Internet,Sending_and_receiving_emails,Downloading_content_such_as_receiving_email_attachments_online_forms_video_or_audio,Uploading_content_submitting_homework_sending_attachments_posting_to_discussion_boards,Minimizing_maximizing_and_moving_windows_on_the_computer_screen,Using_the_search_command_to_locate_a_file,Using_safe_online_practices_privacy_and_security,Participating_in_realtime_discussion_or_collaborative_documents,Videoconferencing_or_video_calls_such_as_Zoom_Skype_FaceTime,Audio_calls_audio-only_Zoom_Skype,Streaming_content_movies_or_TV_music_podcasts_live_broadcasts,Working_with_word_processing_applications_Word_Google_Docs,Working_with_spreadsheet_applications_Excel_Google_Sheets,Working_with_presentation_applications_PowerPoint_Google_Slides,Online_banking,Using_online_government_services_finding_tax_information,Online_shopping,Total_Percent_Score
1,6/30/2022 10:43,6/30/2022 10:46,"Broadband service (AT&T, Xfinity, etc.);","Smartphone or mobile phone;Laptop computer;Tablet;Smart TV (e.g., Roku, Apple TV);",Man,18-29,"$60,000 to $99,999 ",Bachelor's degree,Rent home,White (non-Hispanic);,5,5,5,5,5,5,5,5,4,5,5,5,5,5,5,5,5,4,5,0.978947368
2,6/30/2022 10:51,6/30/2022 10:53,Provided by my building;Mobile data plan;,Smartphone or mobile phone;Laptop computer;Tablet;,Man,18-29,"$30,000 to $59,999",Master's degree,Rent home,Asian;,5,5,5,5,5,5,5,5,5,5,5,5,5,5,5,5,5,5,5,1
3,7/1/2022 9:39,7/1/2022 9:41,"Broadband service (AT&T, Xfinity, etc.);","Laptop computer;Smartphone or mobile phone;Smart TV (e.g., Roku, Apple TV);Voice-actvated device (e.g., Alexa, Google Home);",Woman,30-39,"$30,000 to $59,999",Bachelor's degree,Rent home,White (Hispanic);,1,1,1,1,1,1,1,1,1,1,1,1,1,1,1,1,1,1,1,0.2
4,7/20/2022 10:27,7/20/2022 10:30,"Broadband service (AT&T, Xfinity, etc.);","Smartphone or mobile phone;Laptop computer;Smart TV (e.g., Roku, Apple TV);Gaming console that connects to the internet;Voice-actvated device (e.g., Alexa, Google Home);",Man,18-29,"Under $15,000",Some college,Group housing,White;,5,5,5,5,5,5,5,5,5,5,5,5,5,5,5,5,5,5,5,1
5,7/29/2022 11:04,7/29/2022 11:06,"Broadband service (AT&T, Xfinity, etc.);Mobile data plan;","Smartphone or mobile phone;Laptop computer;Tablet;Desktop computer;Smart TV (e.g., Roku, Apple TV);Gaming console that connects to the internet;",Woman,18-29,"$125,000 or more",Bachelor's degree,Own home,White;,5,5,5,5,5,5,5,5,5,5,5,5,5,5,4,5,5,5,5,0.989473684
6,7/29/2022 11:25,7/29/2022 11:28,"Broadband service (AT&T, Xfinity, etc.);","Smartphone or mobile phone;Laptop computer;Desktop computer;Smart TV (e.g., Roku, Apple TV);Gaming console that connects to the internet;",Woman,30-39,"$60,000 to $99,999 ",Master's degree,Rent home,White;,5,5,5,5,5,5,5,5,5,5,5,5,5,5,5,5,5,5,5,1
7,7/29/2022 12:43,7/29/2022 12:45,"Broadband service (AT&T, Xfinity, etc.);","Smartphone or mobile phone;Laptop computer;Tablet;Desktop computer;Smart TV (e.g., Roku, Apple TV);Gaming console that connects to the internet;",Man,30-39,"$60,000 to $99,999 ",Bachelor's degree,Rent home,White;,5,5,5,5,5,5,5,5,5,5,5,5,5,5,5,5,5,5,5,1
8,7/29/2022 14:37,7/29/2022 14:41,"Broadband service (AT&T, Xfinity, etc.);","Smartphone or mobile phone;Laptop computer;Tablet;Desktop computer;Smart TV (e.g., Roku, Apple TV);Gaming console that connects to the internet;Voice-actvated device (e.g., Alexa, Google Home);",Man,50-59,"$60,000 to $99,999 ",Some college,Own home,White;,5,5,5,5,5,5,5,5,5,4,4,4,5,4,4,4,5,4,5,0.926315789
9,7/29/2022 17:12,7/29/2022 17:15,"Broadband service (AT&T, Xfinity, etc.);","Smartphone or mobile phone;Laptop computer;Tablet;Smart TV (e.g., Roku, Apple TV);",Woman,70-79,"$30,000 to $59,999",Master's degree,Own home,White;,5,4,5,5,5,5,5,5,4,5,5,5,5,5,5,5,5,5,5,0.978947368
10,7/29/2022 18:49,7/29/2022 18:53,"Broadband service (AT&T, Xfinity, etc.);",Smartphone or mobile phone;Laptop computer;Tablet;Desktop computer;,Woman,40-49,"$30,000 to $59,999",Bachelor's degree,Insecurely housed,White;,5,5,5,5,5,5,5,5,4,4,4,4,5,5,3,3,4,3,5,0.884210526
11,7/30/2022 8:07,7/30/2022 8:17,"Broadband service (AT&T, Xfinity, etc.);Mobile data plan;Free or public internet;","Smartphone or mobile phone;Laptop computer;Tablet;Desktop computer;Smart TV (e.g., Roku, Apple TV);Voice-actvated device (e.g., Alexa, Google Home);",Woman,18-29,"$100,000 to $124,999",Bachelor's degree,Own home,White;,5,5,5,5,5,5,5,5,3,5,5,5,5,5,5,5,5,3,5,0.957894737
12,7/30/2022 8:11,7/30/2022 8:21,"Broadband service (AT&T, Xfinity, etc.);Mobile data plan;","Smartphone or mobile phone;Laptop computer;Tablet;Desktop computer;Smart TV (e.g., Roku, Apple TV);Gaming console that connects to the internet;Voice-actvated device (e.g., Alexa, Google Home);",Woman,40-49,"$30,000 to $59,999",Bachelor's degree,Rent home,White;,5,4,4,5,5,5,5,4,5,5,5,5,5,5,5,4,5,4,5,0.947368421
13,7/30/2022 8:46,7/30/2022 8:48,"Broadband service (AT&T, Xfinity, etc.);","Smartphone or mobile phone;Laptop computer;Smart TV (e.g., Roku, Apple TV);Gaming console that connects to the internet;",Woman,30-39,"$60,000 to $99,999 ",Master's degree,Own home,White;,5,5,5,5,5,5,5,5,5,5,5,5,5,5,5,5,5,5,5,1
14,7/30/2022 10:25,7/30/2022 10:28,"Broadband service (AT&T, Xfinity, etc.);","Smartphone or mobile phone;Laptop computer;Smart TV (e.g., Roku, Apple TV);Voice-actvated device (e.g., Alexa, Google Home);",Woman,50-59,"$60,000 to $99,999 ",Master's degree,Own home,White;,5,5,5,5,5,5,5,5,5,5,5,5,5,5,5,5,5,5,5,1
15,7/30/2022 15:10,7/30/2022 15:14,"Broadband service (AT&T, Xfinity, etc.);","Smartphone or mobile phone;Laptop computer;Smart TV (e.g., Roku, Apple TV);",Woman,40-49,"$60,000 to $99,999 ",Bachelor's degree,Own home,White;,5,4,5,5,5,5,5,5,4,2,4,4,4,5,4,2,5,5,5,0.873684211
16,7/30/2022 16:10,7/30/2022 16:12,"Broadband service (AT&T, Xfinity, etc.);","Smartphone or mobile phone;Laptop computer;Desktop computer;Smart TV (e.g., Roku, Apple TV);Gaming console that connects to the internet;Voice-actvated device (e.g., Alexa, Google Home);",Woman,18-29,"$60,000 to $99,999 ",Master's degree,Own home,White;,1,2,1,1,2,1,1,1,2,1,1,2,1,1,1,1,1,2,1,0.252631579
17,7/31/2022 9:54,7/31/2022 9:59,"Broadband service (AT&T, Xfinity, etc.);",Smartphone or mobile phone;Tablet;Laptop computer;,Man,60-69,"$60,000 to $99,999 ",High school diploma or G.E.D.,Own home,White;,5,3,3,4,4,3,3,3,3,2,4,4,4,3,1,1,2,2,3,0.6
18,8/1/2022 10:13,8/1/2022 10:19,"Broadband service (AT&T, Xfinity, etc.);Mobile data plan;","Smartphone or mobile phone;Laptop computer;Tablet;Smart TV (e.g., Roku, Apple TV);",Woman,50-59,"$60,000 to $99,999 ",Bachelor's degree,Own home,White;,5,4,5,5,5,4,4,4,4,4,4,4,5,5,4,2,4,4,4,0.842105263
19,8/1/2022 12:12,8/1/2022 13:11,"Broadband service (AT&T, Xfinity, etc.);","Laptop computer;Smartphone or mobile phone;Smart TV (e.g., Roku, Apple TV);Gaming console that connects to the internet;",Man,18-29,"$15,000 to $29,999",Some college,Rent home,Black or African American;American Indian or Alaska Native;,5,5,5,5,5,5,5,5,4,4,5,5,5,5,5,5,5,4,5,0.968421053
20,8/1/2022 8:56,8/1/2022 13:55,"Broadband service (AT&T, Xfinity, etc.);Mobile data plan;","Smartphone or mobile phone;Laptop computer;Tablet;Desktop computer;Smart TV (e.g., Roku, Apple TV);Gaming console that connects to the internet;Voice-actvated device (e.g., Alexa, Google Home);",Woman,18-29,"$100,000 to $124,999",Bachelor's degree,Own home,White;,5,5,5,5,5,5,5,5,5,5,5,5,5,5,5,5,5,5,5,1
21,8/1/2022 16:00,8/1/2022 16:06,"Broadband service (AT&T, Xfinity, etc.);","Smartphone or mobile phone;Laptop computer;Tablet;Smart TV (e.g., Roku, Apple TV);Voice-actvated device (e.g., Alexa, Google Home);",Woman,70-79,"$30,000 to $59,999",Master's degree,Own home,White;,5,5,5,5,5,5,5,5,4,4,5,5,5,5,4,2,5,5,5,0.936842105
22,8/2/2022 8:08,8/2/2022 8:10,"Broadband service (AT&T, Xfinity, etc.);","Smartphone or mobile phone;Laptop computer;Tablet;Desktop computer;Smart TV (e.g., Roku, Apple TV);Gaming console that connects to the internet;",Woman,40-49,"$30,000 to $59,999",Bachelor's degree,Own home,Asian or Asian Indian;,5,5,5,5,5,5,5,5,5,5,5,5,5,5,5,5,5,5,5,1
23,8/2/2022 9:44,8/2/2022 9:48,I do not have in-home internet;,Smartphone or mobile phone;Laptop computer;Tablet;,Woman,60-69,"$30,000 to $59,999",Master's degree,Own home,White;,5,4,3,5,5,4,4,4,4,2,2,2,3,4,4,3,1,3,4,0.694736842
24,8/3/2022 20:27,8/3/2022 20:29,"Broadband service (AT&T, Xfinity, etc.);","Smartphone or mobile phone;Tablet;Desktop computer;Smart TV (e.g., Roku, Apple TV);",Woman,30-39,"$30,000 to $59,999",High school diploma or G.E.D.,Rent home,White;,5,5,5,5,5,5,5,5,5,5,5,5,5,5,5,5,5,5,5,1
25,8/3/2022 20:40,8/3/2022 20:44,"Broadband service (AT&T, Xfinity, etc.);Mobile data plan;","Smartphone or mobile phone;Laptop computer;Tablet;Smart TV (e.g., Roku, Apple TV);Voice-actvated device (e.g., Alexa, Google Home);",Woman,30-39,"$60,000 to $99,999 ",Master's degree,Own home,White;,5,5,5,5,5,5,5,5,5,5,5,5,5,5,5,5,5,5,5,1
26,8/8/2022 12:07,8/8/2022 12:10,"Broadband service (AT&T, Xfinity, etc.);","Smartphone or mobile phone;Laptop computer;Tablet;Smart TV (e.g., Roku, Apple TV);",Woman,18-29,"$60,000 to $99,999 ",Bachelor's degree,Rent home,White;,5,5,4,5,5,5,5,5,4,5,4,5,5,5,5,5,4,4,5,0.947368421
27,8/8/2022 12:10,8/8/2022 12:12,Provided by my building;,"Smartphone or mobile phone;Laptop computer;Smart TV (e.g., Roku, Apple TV);Gaming console that connects to the internet;",Man,18-29,"$30,000 to $59,999",Associate's degree,Rent home,White;,5,4,4,5,5,5,5,4,4,4,5,5,5,5,4,4,5,4,5,0.915789474
28,8/8/2022 12:12,8/8/2022 12:15,"Broadband service (AT&T, Xfinity, etc.);",Smartphone or mobile phone;Laptop computer;Gaming console that connects to the internet;,Woman,18-29,"$15,000 to $29,999",Bachelor's degree,Rent home,White;,5,4,5,5,5,5,5,5,5,5,4,4,5,5,5,5,5,4,5,0.957894737
29,8/8/2022 12:15,8/8/2022 12:19,"Broadband service (AT&T, Xfinity, etc.);","Smartphone or mobile phone;Laptop computer;Tablet;Gaming console that connects to the internet;Voice-actvated device (e.g., Alexa, Google Home);",Woman,30-39,"$15,000 to $29,999",High school diploma or G.E.D.,Own home,"Hispanic, Spanish, or Latino/a/x;",5,4,5,5,5,5,5,5,5,5,5,5,5,4,4,4,5,4,5,0.947368421
30,8/8/2022 12:22,8/8/2022 12:27,"Broadband service (AT&T, Xfinity, etc.);","Smartphone or mobile phone;Laptop computer;Tablet;Smart TV (e.g., Roku, Apple TV);Gaming console that connects to the internet;",Man,18-29,"$15,000 to $29,999",Some high school,Rent home,Black or African American;,4,4,4,4,4,4,4,4,4,4,4,4,4,4,4,4,4,4,4,0.8
31,8/8/2022 13:08,8/8/2022 13:11,I do not have in-home internet;,Smartphone or mobile phone;,Woman,18-29,"$30,000 to $59,999",High school diploma or G.E.D.,Rent home,White;,5,3,5,5,4,4,5,4,4,4,4,4,4,4,4,4,5,4,5,0.852631579
32,8/8/2022 12:27,8/8/2022 13:24,"Broadband service (AT&T, Xfinity, etc.);Mobile data plan;Free or public internet;",Laptop computer;Smartphone or mobile phone;,Woman,30-39,"$30,000 to $59,999",Bachelor's degree,Own home,White;,5,5,5,5,5,5,5,5,5,5,5,5,5,5,5,5,5,4,5,0.989473684
33,8/8/2022 13:29,8/8/2022 13:31,I do not have in-home internet;,Smartphone or mobile phone;Tablet;,Woman,30-39,"Under $15,000",High school diploma or G.E.D.,Homeless,Black or African American;,5,5,5,5,5,5,5,5,5,5,5,5,5,5,5,5,5,5,5,1
34,8/8/2022 13:31,8/8/2022 13:34,I do not have in-home internet;,"Smartphone or mobile phone;Smart TV (e.g., Roku, Apple TV);",Woman,18-29,"Under $15,000",Some high school,Rent home,White;,1,1,1,1,1,1,1,1,1,1,1,1,1,1,1,1,1,1,1,0.2
35,8/8/2022 13:34,8/8/2022 13:36,"Broadband service (AT&T, Xfinity, etc.);","Smartphone or mobile phone;Laptop computer;Tablet;Desktop computer;Smart TV (e.g., Roku, Apple TV);",Woman,40-49,"$60,000 to $99,999 ",Bachelor's degree,Own home,White;,5,5,5,5,5,5,5,5,5,5,5,5,5,5,5,5,5,5,5,1
36,8/8/2022 13:36,8/8/2022 13:38,Mobile data plan;,"Smart TV (e.g., Roku, Apple TV);Gaming console that connects to the internet;Smartphone or mobile phone;",Woman,40-49,"$30,000 to $59,999",High school diploma or G.E.D.,Rent home,White;,3,3,1,4,4,2,4,3,4,3,4,4,4,4,4,2,3,2,4,0.652631579
37,8/8/2022 13:39,8/8/2022 13:44,"Broadband service (AT&T, Xfinity, etc.);",Smartphone or mobile phone;Laptop computer;Tablet;Desktop computer;,Man,60-69,"Under $15,000",Some college,Own home,White;,5,5,4,5,5,5,5,4,4,2,4,2,5,5,5,4,4,2,4,0.831578947
38,8/8/2022 13:44,8/8/2022 13:46,"Broadband service (AT&T, Xfinity, etc.);","Smartphone or mobile phone;Laptop computer;Tablet;Smart TV (e.g., Roku, Apple TV);",Woman,50-59,"$15,000 to $29,999",Some high school,Rent home,Black or African American;,1,1,1,1,1,2,1,2,2,3,3,3,3,2,2,2,3,3,3,0.410526316
39,8/8/2022 13:46,8/8/2022 13:49,I do not have in-home internet;,Smartphone or mobile phone;Laptop computer;Desktop computer;,Woman,40-49,"$100,000 to $124,999",Bachelor's degree,Own home,White;,5,5,5,5,5,5,5,5,4,5,5,5,5,5,5,5,5,4,5,0.978947368
40,8/8/2022 13:49,8/8/2022 13:51,"Broadband service (AT&T, Xfinity, etc.);Mobile data plan;","Laptop computer;Smartphone or mobile phone;Tablet;Voice-actvated device (e.g., Alexa, Google Home);",Man,50-59,"$15,000 to $29,999",Master's degree,Rent home,White;,5,4,5,5,5,5,5,5,2,2,2,2,2,4,1,2,5,5,5,0.747368421
41,8/8/2022 13:51,8/8/2022 13:53,"Broadband service (AT&T, Xfinity, etc.);","Smartphone or mobile phone;Laptop computer;Tablet;Smart TV (e.g., Roku, Apple TV);",Woman,18-29,"Under $15,000",Some college,Group housing,"Black or African American;Hispanic, Spanish, or Latino/a/x;White;",1,1,1,1,1,1,1,1,1,1,1,1,1,1,1,1,1,1,1,0.2
42,8/8/2022 14:16,8/8/2022 14:19,"Broadband service (AT&T, Xfinity, etc.);",Smartphone or mobile phone;,Man,50-59,"Under $15,000",No formal schooling,Insecurely housed,Black or African American;,1,1,1,1,1,1,1,1,1,1,1,1,1,1,1,1,1,1,1,0.2
43,8/8/2022 14:20,8/8/2022 14:36,I don’t know;,Smartphone or mobile phone;,Man,80+,"Under $15,000",No formal schooling,Rent home,White;,1,1,1,1,1,1,1,1,1,1,1,1,1,1,1,1,1,1,1,0.2
44,8/8/2022 14:38,8/8/2022 14:40,"Broadband service (AT&T, Xfinity, etc.);",Smartphone or mobile phone;Laptop computer;Desktop computer;,Woman,60-69,"$30,000 to $59,999",Associate's degree,Rent home,Black or African American;,1,2,2,1,2,2,4,4,4,4,4,4,4,2,4,4,2,4,2,0.589473684
45,8/8/2022 14:40,8/8/2022 14:42,"Broadband service (AT&T, Xfinity, etc.);","Smartphone or mobile phone;Smart TV (e.g., Roku, Apple TV);",Woman,50-59,"$15,000 to $29,999",Associate's degree,Rent home,White;,5,5,5,5,5,5,5,5,5,5,5,5,5,5,5,5,5,5,5,1
46,8/8/2022 14:42,8/8/2022 14:44,"Broadband service (AT&T, Xfinity, etc.);","Smartphone or mobile phone;Laptop computer;Tablet;Smart TV (e.g., Roku, Apple TV);Gaming console that connects to the internet;",Woman,50-59,"$30,000 to $59,999",Some college,Rent home,Black or African American;,1,2,1,1,1,1,2,1,1,1,1,1,1,1,2,1,3,1,1,0.252631579
47,8/8/2022 14:44,8/8/2022 14:46,Free or public internet;,Smartphone or mobile phone;,Man,30-39,"Under $15,000",High school diploma or G.E.D.,Homeless,Black or African American;Native Hawaiian or Other Pacific Islander;,2,4,3,5,4,4,4,3,5,5,5,5,5,2,3,5,3,2,4,0.768421053
48,8/8/2022 14:46,8/8/2022 14:48,I do not have in-home internet;,No devices in household;,Man,40-49,"Under $15,000",High school diploma or G.E.D.,Homeless,White;,4,4,3,3,2,2,3,3,3,3,3,4,3,3,2,3,3,3,2,0.589473684
49,8/8/2022 14:48,8/8/2022 14:53,I do not have in-home internet;,No devices in household;,Woman,50-59,"Under $15,000",No formal schooling,Homeless,Black or African American;,3,3,3,4,4,3,3,3,3,3,3,3,4,3,3,3,3,3,3,0.631578947
50,8/8/2022 14:53,8/8/2022 14:55,"Broadband service (AT&T, Xfinity, etc.);","Smartphone or mobile phone;Laptop computer;Tablet;Desktop computer;Smart TV (e.g., Roku, Apple TV);",Woman,30-39,"$15,000 to $29,999",Some college,Rent home,Black or African American;,5,5,5,5,5,5,5,5,5,3,2,2,2,2,2,2,5,5,5,0.789473684
51,8/8/2022 14:55,8/8/2022 14:57,"Broadband service (AT&T, Xfinity, etc.);",Smartphone or mobile phone;Laptop computer;Tablet;,Man,40-49,"$30,000 to $59,999",Master's degree,Own home,Black or African American;,5,5,5,5,5,5,5,5,5,5,5,5,5,5,5,5,5,5,5,1
52,8/8/2022 14:57,8/8/2022 15:01,"Broadband service (AT&T, Xfinity, etc.);","Smartphone or mobile phone;Laptop computer;Smart TV (e.g., Roku, Apple TV);",Woman,40-49,"Under $15,000",Some college,Rent home,Black or African American;,5,5,5,5,5,2,4,5,5,5,5,5,5,5,3,1,5,4,5,0.884210526
53,8/8/2022 15:01,8/8/2022 15:02,"Broadband service (AT&T, Xfinity, etc.);",Smartphone or mobile phone;Tablet;Gaming console that connects to the internet;,Woman,50-59,"$15,000 to $29,999",Some college,Own home,Black or African American;,3,3,3,3,3,3,3,3,3,3,3,4,3,3,2,1,1,2,3,0.547368421
54,8/8/2022 15:02,8/8/2022 15:04,Provided by my building;,"Smartphone or mobile phone;Laptop computer;Tablet;Smart TV (e.g., Roku, Apple TV);Voice-actvated device (e.g., Alexa, Google Home);",Man,30-39,"$30,000 to $59,999",Bachelor's degree,Rent home,"Hispanic, Spanish, or Latino/a/x;",5,5,5,5,5,5,5,4,5,5,5,5,5,5,5,5,5,5,5,0.989473684
55,8/9/2022 12:00,8/9/2022 12:02,I do not have in-home internet;,Smartphone or mobile phone;,Man,18-29,"Under $15,000",No formal schooling,Homeless,Black or African American;,1,1,1,1,1,1,1,1,1,1,1,1,1,1,1,1,1,1,1,0.2
56,8/9/2022 12:02,8/9/2022 12:04,I do not have in-home internet;,Smartphone or mobile phone;,Woman,30-39,"Under $15,000",Some high school,Rent home,Black or African American;,4,3,5,5,5,5,5,4,4,5,5,4,5,4,5,5,5,4,4,0.905263158
57,8/9/2022 12:05,8/9/2022 12:06,I do not have in-home internet;,Smartphone or mobile phone;,Woman,70-79,"Under $15,000",Master's degree,Own home,"Hispanic, Spanish, or Latino/a/x;Black or African American;Native Hawaiian or Other Pacific Islander;",5,5,5,5,5,5,5,5,5,1,1,4,1,5,5,5,1,5,5,0.821052632
58,8/9/2022 12:06,8/9/2022 12:09,I do not have in-home internet;,Smartphone or mobile phone;,Woman,18-29,"Under $15,000",Some high school,Homeless,Black or African American;,3,3,1,5,5,3,3,3,4,1,5,5,3,3,3,4,3,5,2,0.673684211
59,8/9/2022 20:52,8/9/2022 20:55,"Broadband service (AT&T, Xfinity, etc.);","Smartphone or mobile phone;Laptop computer;Tablet;Smart TV (e.g., Roku, Apple TV);Gaming console that connects to the internet;",Woman,40-49,"$15,000 to $29,999",Associate's degree,Rent home,White;,5,4,4,4,4,4,4,4,5,5,3,3,4,4,2,2,5,5,5,0.8
60,8/10/2022 11:47,8/10/2022 11:49,"Broadband service (AT&T, Xfinity, etc.);","Laptop computer;Smartphone or mobile phone;Tablet;Desktop computer;Smart TV (e.g., Roku, Apple TV);Gaming console that connects to the internet;Voice-actvated device (e.g., Alexa, Google Home);",Woman,30-39,"$30,000 to $59,999",Some college,Rent home,Asian or Asian Indian;,5,5,5,5,5,5,4,5,3,3,4,4,5,4,3,3,4,4,4,0.842105263
61,8/10/2022 15:13,8/10/2022 15:18,"Broadband service (AT&T, Xfinity, etc.);","Smartphone or mobile phone;Laptop computer;Smart TV (e.g., Roku, Apple TV);",Woman,18-29,"$30,000 to $59,999",Bachelor's degree,Rent home,White;,5,5,5,5,5,5,5,5,5,5,5,5,5,5,5,5,5,5,5,1
62,8/10/2022 20:45,8/10/2022 20:48,I do not have in-home internet;,Smartphone or mobile phone;Laptop computer;,Woman,30-39,"$30,000 to $59,999",High school diploma or G.E.D.,Own home,"Hispanic, Spanish, or Latino/a/x;White;",5,5,5,5,3,3,3,5,4,3,2,5,2,3,3,2,2,2,3,0.684210526
63,8/11/2022 13:05,8/11/2022 13:07,I do not have in-home internet;,No devices in household;,Man,40-49,"Under $15,000",High school diploma or G.E.D.,Rent home,did not answer;,4,4,4,3,3,3,2,2,2,2,1,1,2,2,2,2,1,3,3,0.484210526
64,8/11/2022 13:07,8/11/2022 13:09,"Broadband service (AT&T, Xfinity, etc.);Mobile data plan;Provided by my building;","Smartphone or mobile phone;Laptop computer;Tablet;Desktop computer;Smart TV (e.g., Roku, Apple TV);Gaming console that connects to the internet;Voice-actvated device (e.g., Alexa, Google Home);",Woman,40-49,"$100,000 to $124,999",Master's degree,Own home,"Hispanic, Spanish, or Latino/a/x;",2,2,2,2,2,2,2,2,2,2,2,2,2,2,2,2,2,2,2,0.4
65,8/11/2022 13:09,8/11/2022 13:12,I do not have in-home internet;,Smartphone or mobile phone;Tablet;,Woman,40-49,"Under $15,000",Some high school,Rent home,Black or African American;,2,5,1,2,3,4,1,1,5,5,5,5,1,1,1,1,2,2,5,0.547368421
66,8/11/2022 13:12,8/11/2022 13:14,Provided by my building;Free or public internet;I do not have in-home internet;,Smartphone or mobile phone;,Man,18-29,"Under $15,000",High school diploma or G.E.D.,Homeless,Black or African American;,5,5,5,5,5,5,5,5,5,5,5,5,5,5,5,5,5,5,5,1
67,8/11/2022 13:14,8/11/2022 13:20,"Broadband service (AT&T, Xfinity, etc.);","Smartphone or mobile phone;Laptop computer;Smart TV (e.g., Roku, Apple TV);",Man,40-49,"$30,000 to $59,999",Bachelor's degree,Rent home,"Hispanic, Spanish, or Latino/a/x;",5,4,3,5,4,5,5,4,4,4,4,4,4,5,4,4,4,4,5,0.852631579
68,8/11/2022 13:20,8/11/2022 13:21,"Broadband service (AT&T, Xfinity, etc.);",Laptop computer;Smartphone or mobile phone;,Woman,60-69,"Under $15,000",Associate's degree,Rent home,Black or African American;,1,2,2,1,1,2,3,3,2,3,4,4,3,4,4,2,1,1,1,0.463157895
70,8/11/2022 13:23,8/11/2022 13:25,"Broadband service (AT&T, Xfinity, etc.);","Smartphone or mobile phone;Laptop computer;Tablet;Smart TV (e.g., Roku, Apple TV);",Woman,30-39,"Under $15,000",Some college,Rent home,Black or African American;,5,5,4,4,3,3,3,3,3,3,4,2,5,3,3,3,3,3,3,0.684210526
71,8/11/2022 13:25,8/11/2022 13:26,I do not have in-home internet;,Smartphone or mobile phone;,Woman,50-59,"$15,000 to $29,999",Some college,Rent home,Black or African American;,2,1,1,1,2,2,1,1,1,1,1,2,2,1,1,2,3,2,1,0.294736842
72,8/11/2022 14:33,8/11/2022 14:37,"Broadband service (AT&T, Xfinity, etc.);","Smartphone or mobile phone;Laptop computer;Tablet;Desktop computer;Smart TV (e.g., Roku, Apple TV);",Woman,50-59,"$15,000 to $29,999",Some college,Own home,White;,1,4,3,5,5,4,4,3,5,3,1,1,5,2,2,2,5,5,5,0.684210526
73,8/11/2022 15:28,8/11/2022 15:35,"Broadband service (AT&T, Xfinity, etc.);",Smartphone or mobile phone;Laptop computer;,Man,80+,"$125,000 or more",Bachelor's degree,Own home,White;,5,4,4,5,5,5,5,4,3,3,4,3,3,5,5,3,4,4,4,0.821052632
74,8/11/2022 15:35,8/11/2022 15:40,"Broadband service (AT&T, Xfinity, etc.);",Desktop computer;,Woman,60-69,"Under $15,000",Associate's degree,Rent home,American Indian or Alaska Native;,2,2,3,5,2,2,1,3,3,3,4,4,1,2,2,2,4,3,5,0.557894737
75,8/11/2022 15:40,8/11/2022 15:44,"Broadband service (AT&T, Xfinity, etc.);",Smartphone or mobile phone;,Woman,80+,"$125,000 or more",High school diploma or G.E.D.,Own home,White;,1,1,1,2,1,1,1,1,1,1,1,1,1,1,1,1,1,1,1,0.210526316
76,8/11/2022 16:24,8/11/2022 16:26,"Broadband service (AT&T, Xfinity, etc.);","Smartphone or mobile phone;Laptop computer;Desktop computer;Smart TV (e.g., Roku, Apple TV);Gaming console that connects to the internet;",Man,50-59,"$30,000 to $59,999",Bachelor's degree,Rent home,White;,5,5,5,5,5,5,5,5,5,5,5,5,5,5,5,5,5,5,5,1
77,8/11/2022 17:41,8/11/2022 17:42,"Broadband service (AT&T, Xfinity, etc.);","Laptop computer;Smartphone or mobile phone;Tablet;Smart TV (e.g., Roku, Apple TV);Voice-actvated device (e.g., Alexa, Google Home);",Woman,18-29,"$30,000 to $59,999",Some college,Own home,White;,5,5,5,5,5,5,5,5,5,5,5,5,5,5,5,5,5,5,5,1
78,8/11/2022 18:49,8/11/2022 18:52,"Broadband service (AT&T, Xfinity, etc.);","Smartphone or mobile phone;Laptop computer;Tablet;Desktop computer;Smart TV (e.g., Roku, Apple TV);Voice-actvated device (e.g., Alexa, Google Home);",Man,70-79,"$125,000 or more",Master's degree,Own home,White;,5,5,5,5,5,5,5,5,5,5,5,5,5,5,5,5,5,5,5,1
79,8/11/2022 19:48,8/11/2022 19:53,"Broadband service (AT&T, Xfinity, etc.);","Smartphone or mobile phone;Laptop computer;Desktop computer;Smart TV (e.g., Roku, Apple TV);",Man,60-69,"$15,000 to $29,999",High school diploma or G.E.D.,Own home,White;,5,4,5,5,5,5,5,5,5,5,5,5,5,3,2,2,5,4,2,0.863157895
80,8/11/2022 19:52,8/11/2022 19:54,"Broadband service (AT&T, Xfinity, etc.);","Smartphone or mobile phone;Laptop computer;Tablet;Desktop computer;Smart TV (e.g., Roku, Apple TV);",Woman,40-49,"$30,000 to $59,999",Some college,Own home,White;,5,5,5,5,5,5,5,5,5,5,3,3,5,5,5,5,5,5,5,0.957894737
81,8/12/2022 12:42,8/12/2022 12:48,"Broadband service (AT&T, Xfinity, etc.);","Smartphone or mobile phone;Laptop computer;Smart TV (e.g., Roku, Apple TV);",Man,60-69,"Under $15,000",Some college,Rent home,White;,3,3,2,3,2,2,1,1,3,1,1,2,3,1,1,1,1,1,5,0.389473684
82,8/12/2022 13:18,8/12/2022 13:20,"Broadband service (AT&T, Xfinity, etc.);","Smartphone or mobile phone;Laptop computer;Tablet;Desktop computer;Smart TV (e.g., Roku, Apple TV);Gaming console that connects to the internet;Voice-actvated device (e.g., Alexa, Google Home);",Man,18-29,"$125,000 or more",Some college,Own home,White;,5,5,5,5,5,5,5,5,5,5,5,5,5,5,5,5,5,5,5,1
83,8/12/2022 14:23,8/12/2022 14:25,"Broadband service (AT&T, Xfinity, etc.);","Smartphone or mobile phone;Laptop computer;Tablet;Smart TV (e.g., Roku, Apple TV);Gaming console that connects to the internet;Voice-actvated device (e.g., Alexa, Google Home);",Man,30-39,"$60,000 to $99,999 ",Bachelor's degree,Own home,White;,5,5,5,5,5,5,5,5,5,5,5,5,5,5,5,5,5,5,5,1
84,8/12/2022 14:58,8/12/2022 15:01,"Broadband service (AT&T, Xfinity, etc.);Mobile data plan;","Smartphone or mobile phone;Laptop computer;Tablet;Desktop computer;Smart TV (e.g., Roku, Apple TV);Gaming console that connects to the internet;Voice-actvated device (e.g., Alexa, Google Home);",Woman,40-49,"$15,000 to $29,999",Some college,Rent home,Black or African American;,5,5,4,5,5,5,5,3,5,5,5,5,5,3,4,3,5,4,4,0.894736842
85,8/12/2022 15:10,8/12/2022 15:12,"Broadband service (AT&T, Xfinity, etc.);","Smartphone or mobile phone;Laptop computer;Tablet;Smart TV (e.g., Roku, Apple TV);Voice-actvated device (e.g., Alexa, Google Home);",Woman,30-39,"$15,000 to $29,999",Some high school,Rent home,Black or African American;,1,1,1,1,1,1,1,1,1,1,2,1,2,1,3,3,1,1,1,0.263157895
86,8/12/2022 15:12,8/12/2022 15:14,"Broadband service (AT&T, Xfinity, etc.);","Smartphone or mobile phone;Laptop computer;Smart TV (e.g., Roku, Apple TV);",Woman,80+,"$30,000 to $59,999",Bachelor's degree,Rent home,White;,5,5,5,5,4,4,4,5,5,5,5,5,5,4,2,2,5,5,5,0.894736842
87,8/12/2022 15:14,8/12/2022 15:16,Mobile data plan;,"Smartphone or mobile phone;Tablet;Smart TV (e.g., Roku, Apple TV);",Woman,50-59,"Under $15,000",Some high school,Rent home,White;,4,2,5,2,4,3,5,4,3,5,5,4,3,3,1,2,1,1,4,0.642105263
88,8/12/2022 15:16,8/12/2022 15:17,Mobile data plan;,Laptop computer;Smartphone or mobile phone;,Man,70-79,"Under $15,000",Professional or Doctorate degree,Rent home,White;,4,4,4,4,2,2,5,5,4,3,2,3,2,4,2,4,4,4,2,0.673684211
89,8/12/2022 15:18,8/12/2022 15:19,"Broadband service (AT&T, Xfinity, etc.);","Smartphone or mobile phone;Laptop computer;Tablet;Smart TV (e.g., Roku, Apple TV);",Woman,40-49,"$60,000 to $99,999 ",Master's degree,Own home,Native Hawaiian or Other Pacific Islander;,5,5,5,5,5,5,5,5,5,5,5,5,5,5,5,5,4,4,5,0.978947368
90,8/12/2022 15:17,8/12/2022 15:21,"Broadband service (AT&T, Xfinity, etc.);","Smartphone or mobile phone;Laptop computer;Smart TV (e.g., Roku, Apple TV);Gaming console that connects to the internet;",Man,50-59,"$15,000 to $29,999",High school diploma or G.E.D.,Own home,White;,4,4,4,3,4,4,4,4,4,4,4,4,4,3,3,3,4,3,3,0.736842105
91,8/12/2022 15:19,8/12/2022 15:21,"Broadband service (AT&T, Xfinity, etc.);",Smartphone or mobile phone;Laptop computer;Tablet;Gaming console that connects to the internet;,Woman,30-39,"Under $15,000",High school diploma or G.E.D.,Rent home,White;,3,3,2,4,3,3,4,2,4,1,2,4,5,2,1,1,4,4,4,0.589473684
92,8/12/2022 15:19,8/12/2022 15:26,I do not have in-home internet;,Smartphone or mobile phone;Laptop computer;Tablet;,Woman,60-69,"$30,000 to $59,999",Master's degree,Own home,White;,5,4,4,5,4,4,3,4,3,3,3,3,2,5,3,5,3,3,5,0.747368421
93,8/12/2022 15:26,8/12/2022 15:28,"Broadband service (AT&T, Xfinity, etc.);","Smartphone or mobile phone;Laptop computer;Tablet;Voice-actvated device (e.g., Alexa, Google Home);Smart TV (e.g., Roku, Apple TV);",Woman,60-69,"$30,000 to $59,999",High school diploma or G.E.D.,Own home,White;,5,2,5,5,4,2,4,4,4,2,1,2,2,2,2,1,2,3,5,0.6
94,8/12/2022 15:25,8/12/2022 15:30,"Broadband service (AT&T, Xfinity, etc.);","Smartphone or mobile phone;Laptop computer;Smart TV (e.g., Roku, Apple TV);Tablet;",Man,30-39,"$30,000 to $59,999",Bachelor's degree,Own home,White;,5,4,5,5,5,5,5,4,4,4,4,4,5,5,5,5,5,5,5,0.936842105
95,8/12/2022 15:28,8/12/2022 15:31,"Broadband service (AT&T, Xfinity, etc.);","Smartphone or mobile phone;Laptop computer;Tablet;Desktop computer;Smart TV (e.g., Roku, Apple TV);",Woman,60-69,"$100,000 to $124,999",Master's degree,Own home,White;,5,5,5,5,5,5,5,5,5,5,5,5,5,5,5,5,5,5,5,1
96,8/12/2022 15:31,8/12/2022 15:33,"Broadband service (AT&T, Xfinity, etc.);","Smartphone or mobile phone;Laptop computer;Smart TV (e.g., Roku, Apple TV);",Woman,60-69,"$30,000 to $59,999",Bachelor's degree,Own home,White;,2,5,5,5,5,5,5,5,4,5,5,5,2,5,2,5,5,5,5,0.894736842
97,8/12/2022 15:33,8/12/2022 15:35,"Broadband service (AT&T, Xfinity, etc.);","Smartphone or mobile phone;Laptop computer;Desktop computer;Smart TV (e.g., Roku, Apple TV);Voice-actvated device (e.g., Alexa, Google Home);",Woman,18-29,"Under $15,000",Bachelor's degree,Own home,Asian or Asian Indian;,5,5,5,5,5,5,5,4,5,5,5,5,5,5,5,5,5,4,5,0.978947368
98,8/12/2022 15:35,8/12/2022 15:37,"Broadband service (AT&T, Xfinity, etc.);",Laptop computer;Smartphone or mobile phone;,Man,18-29,"Under $15,000",Bachelor's degree,Own home,White;,5,5,5,5,4,4,4,4,4,5,5,5,4,5,5,5,3,2,4,0.873684211
99,8/12/2022 15:39,8/12/2022 15:41,"Broadband service (AT&T, Xfinity, etc.);","Smartphone or mobile phone;Laptop computer;Tablet;Smart TV (e.g., Roku, Apple TV);",Man,18-29,"$30,000 to $59,999",Bachelor's degree,Own home,White;,5,5,5,5,5,5,5,5,5,5,4,4,5,5,5,5,4,3,5,0.947368421
100,8/12/2022 15:37,8/12/2022 15:42,"Broadband service (AT&T, Xfinity, etc.);",Laptop computer;Tablet;,Man,70-79,"Under $15,000",Professional or Doctorate degree,Own home,Black or African American;,4,4,4,5,3,3,3,2,2,2,4,3,2,2,2,2,2,3,3,0.578947368
101,8/12/2022 15:41,8/12/2022 15:45,"Broadband service (AT&T, Xfinity, etc.);",Smartphone or mobile phone;Laptop computer;Tablet;,Woman,60-69,"$30,000 to $59,999",Master's degree,Own home,White;,4,3,4,4,4,3,4,3,4,2,3,2,1,4,4,3,4,3,4,0.663157895
102,8/12/2022 15:43,8/12/2022 15:47,"Broadband service (AT&T, Xfinity, etc.);","Laptop computer;Smart TV (e.g., Roku, Apple TV);",Woman,70-79,"Under $15,000",Associate's degree,Group housing,Black or African American;,1,1,1,1,1,2,2,1,1,3,1,1,1,1,1,1,1,1,1,0.242105263
103,8/12/2022 15:47,8/12/2022 15:48,"Broadband service (AT&T, Xfinity, etc.);",Smartphone or mobile phone;,Woman,80+,"Under $15,000",High school diploma or G.E.D.,Own home,White;,1,1,1,1,1,1,1,1,1,1,1,1,1,1,1,1,1,1,1,0.2
104,8/12/2022 15:48,8/12/2022 15:50,"Broadband service (AT&T, Xfinity, etc.);",Smartphone or mobile phone;Tablet;Desktop computer;,Woman,70-79,"Under $15,000",Bachelor's degree,Own home,American Indian or Alaska Native;,5,3,4,5,5,3,4,4,4,3,2,4,4,4,4,2,5,5,5,0.789473684
105,8/12/2022 15:46,8/12/2022 15:50,"Broadband service (AT&T, Xfinity, etc.);Mobile data plan;","Smartphone or mobile phone;Smart TV (e.g., Roku, Apple TV);Gaming console that connects to the internet;",Woman,40-49,"$30,000 to $59,999",High school diploma or G.E.D.,Rent home,White;Black or African American;,5,4,4,5,4,4,4,3,5,4,3,4,4,3,2,2,5,4,5,0.778947368
106,8/12/2022 15:50,8/12/2022 15:52,"Broadband service (AT&T, Xfinity, etc.);",Smartphone or mobile phone;Desktop computer;,Woman,70-79,"$30,000 to $59,999",Associate's degree,Own home,White;,5,5,5,5,5,5,5,5,5,3,3,3,5,5,2,1,5,5,5,0.863157895
107,8/12/2022 15:54,8/12/2022 15:55,"Broadband service (AT&T, Xfinity, etc.);",Smartphone or mobile phone;Laptop computer;Tablet;Desktop computer;,Woman,18-29,"Under $15,000",Some high school,Own home,White;,5,4,3,5,4,4,5,5,4,1,2,1,3,4,4,4,3,2,4,0.705263158
108,8/12/2022 15:55,8/12/2022 15:57,"Broadband service (AT&T, Xfinity, etc.);",Smartphone or mobile phone;Laptop computer;Tablet;Desktop computer;,Woman,50-59,"Under $15,000",Some college,Own home,White;,5,4,4,5,5,4,5,4,4,3,4,4,3,4,3,2,3,4,5,0.789473684
109,8/12/2022 15:57,8/12/2022 15:59,I do not have in-home internet;,"Smartphone or mobile phone;Smart TV (e.g., Roku, Apple TV);",Woman,18-29,"Under $15,000",Some high school,Rent home,White;,5,2,5,5,5,3,3,3,3,3,5,5,3,5,4,4,5,5,5,0.821052632
110,8/12/2022 16:00,8/12/2022 16:01,"Broadband service (AT&T, Xfinity, etc.);Mobile data plan;","Smartphone or mobile phone;Laptop computer;Tablet;Desktop computer;Smart TV (e.g., Roku, Apple TV);Gaming console that connects to the internet;Voice-actvated device (e.g., Alexa, Google Home);",Woman,18-29,"$30,000 to $59,999",Associate's degree,Own home,White;,5,5,5,5,5,5,5,5,5,5,5,5,5,5,5,5,5,5,5,1
111,8/12/2022 15:57,8/12/2022 16:01,Mobile data plan;I do not have in-home internet;,"Smartphone or mobile phone;Tablet;Smart TV (e.g., Roku, Apple TV);Gaming console that connects to the internet;",Woman,50-59,"$15,000 to $29,999",Some high school,Rent home,Black or African American;,3,3,2,4,4,2,5,2,5,2,4,4,4,4,4,2,4,4,5,0.705263158
112,8/12/2022 16:01,8/12/2022 16:02,I do not have in-home internet;,"Smartphone or mobile phone;Tablet;Smart TV (e.g., Roku, Apple TV);",Woman,18-29,"Under $15,000",High school diploma or G.E.D.,Rent home,Black or African American;,5,4,5,5,5,5,5,5,5,5,5,5,5,5,5,5,5,5,5,0.989473684
113,8/12/2022 16:02,8/12/2022 16:04,I do not have in-home internet;,"Smartphone or mobile phone;Smart TV (e.g., Roku, Apple TV);",Woman,18-29,"Under $15,000",Some high school,Rent home,White;,1,3,1,1,1,3,3,3,1,2,3,1,3,1,2,2,1,3,1,0.378947368
114,8/12/2022 16:05,8/12/2022 16:14,I do not have in-home internet;,Smartphone or mobile phone;Laptop computer;Tablet;,Woman,18-29,"Under $15,000",Some college,Own home,Black or African American;,5,5,5,5,5,5,5,5,5,5,5,5,4,5,5,5,5,5,5,0.989473684
115,8/12/2022 16:13,8/12/2022 16:14,Mobile data plan;Free or public internet;,"Smartphone or mobile phone;Tablet;Smart TV (e.g., Roku, Apple TV);Laptop computer;",Woman,30-39,"$15,000 to $29,999",High school diploma or G.E.D.,Rent home,Black or African American;,4,5,4,4,4,4,4,4,4,4,4,4,4,4,4,4,4,4,2,0.789473684
116,8/12/2022 16:33,8/12/2022 16:35,Mobile data plan;,"Smartphone or mobile phone;Laptop computer;Tablet;Smart TV (e.g., Roku, Apple TV);Voice-actvated device (e.g., Alexa, Google Home);",Man,30-39,"$125,000 or more",Professional or Doctorate degree,Own home,White;,5,5,5,5,5,5,5,5,4,5,5,5,5,5,5,5,5,5,5,0.989473684
117,8/12/2022 17:39,8/12/2022 17:41,"Broadband service (AT&T, Xfinity, etc.);","Smartphone or mobile phone;Laptop computer;Smart TV (e.g., Roku, Apple TV);Gaming console that connects to the internet;",Man,40-49,"$60,000 to $99,999 ",High school diploma or G.E.D.,Own home,White;,5,5,5,5,5,5,5,5,5,5,5,5,5,5,4,4,5,5,5,0.978947368
118,8/12/2022 17:41,8/12/2022 17:43,"Broadband service (AT&T, Xfinity, etc.);","Smartphone or mobile phone;Laptop computer;Tablet;Desktop computer;Smart TV (e.g., Roku, Apple TV);Voice-actvated device (e.g., Alexa, Google Home);",Woman,40-49,"$30,000 to $59,999",Some college,Own home,White;,5,5,5,5,5,5,5,5,5,5,5,5,5,5,5,5,5,5,5,1
119,8/12/2022 18:48,8/12/2022 18:54,"Broadband service (AT&T, Xfinity, etc.);",Laptop computer;Tablet;Desktop computer;,Man,70-79,"Under $15,000",High school diploma or G.E.D.,Own home,White;,5,5,5,5,5,5,5,5,5,5,5,5,5,3,3,3,5,5,5,0.936842105
120,8/12/2022 18:52,8/12/2022 18:55,"Broadband service (AT&T, Xfinity, etc.);Mobile data plan;","Smartphone or mobile phone;Desktop computer;Smart TV (e.g., Roku, Apple TV);",Man,40-49,"$30,000 to $59,999",High school diploma or G.E.D.,Own home,White;,1,1,1,1,1,1,1,1,2,1,2,2,1,3,3,4,2,3,2,0.347368421
121,8/12/2022 18:57,8/12/2022 18:59,"Broadband service (AT&T, Xfinity, etc.);Mobile data plan;",Smartphone or mobile phone;Laptop computer;Tablet;Desktop computer;,Woman,60-69,"$30,000 to $59,999",Master's degree,Own home,White;,1,1,1,1,1,1,1,1,1,1,1,1,1,1,1,1,1,1,1,0.2
122,8/12/2022 19:41,8/12/2022 19:46,"Broadband service (AT&T, Xfinity, etc.);","Smartphone or mobile phone;Laptop computer;Tablet;Smart TV (e.g., Roku, Apple TV);",Woman,60-69,"$15,000 to $29,999",Some college,Rent home,Black or African American;,4,4,4,4,4,4,4,4,4,4,4,4,4,4,4,4,2,4,4,0.778947368
123,8/12/2022 20:07,8/12/2022 20:09,"Broadband service (AT&T, Xfinity, etc.);",Smartphone or mobile phone;Laptop computer;Tablet;Desktop computer;,Man,60-69,"$15,000 to $29,999",Bachelor's degree,Own home,White;,5,5,5,5,5,5,5,5,5,5,5,5,5,5,5,5,5,5,5,1
124,8/12/2022 20:17,8/12/2022 20:19,"Broadband service (AT&T, Xfinity, etc.);","Smartphone or mobile phone;Laptop computer;Tablet;Desktop computer;Smart TV (e.g., Roku, Apple TV);Gaming console that connects to the internet;Voice-actvated device (e.g., Alexa, Google Home);",Woman,30-39,"$60,000 to $99,999 ",High school diploma or G.E.D.,Own home,White;,1,1,1,1,1,1,1,1,1,2,2,2,1,1,1,2,1,2,1,0.252631579
125,8/12/2022 23:12,8/12/2022 23:16,"Broadband service (AT&T, Xfinity, etc.);",Smartphone or mobile phone;Laptop computer;,Man,60-69,"$15,000 to $29,999",Associate's degree,Own home,Black or African American;,5,5,5,5,5,5,5,5,5,5,5,5,5,5,5,5,5,5,5,1
126,8/13/2022 3:08,8/13/2022 3:12,"Broadband service (AT&T, Xfinity, etc.);","Smartphone or mobile phone;Laptop computer;Desktop computer;Smart TV (e.g., Roku, Apple TV);",Man,60-69,"$30,000 to $59,999",High school diploma or G.E.D.,Own home,White;,1,1,1,1,1,1,1,1,1,2,2,2,1,1,2,2,1,1,1,0.252631579
127,8/13/2022 3:40,8/13/2022 3:48,"Broadband service (AT&T, Xfinity, etc.);","Smartphone or mobile phone;Laptop computer;Smart TV (e.g., Roku, Apple TV);",Woman,30-39,"$15,000 to $29,999",Some college,Rent home,White;,5,5,5,5,5,5,5,5,5,5,3,3,4,4,4,4,5,5,5,0.915789474
128,8/13/2022 7:44,8/13/2022 7:47,"Broadband service (AT&T, Xfinity, etc.);Mobile data plan;","Smartphone or mobile phone;Laptop computer;Smart TV (e.g., Roku, Apple TV);Gaming console that connects to the internet;Voice-actvated device (e.g., Alexa, Google Home);",Woman,30-39,"$30,000 to $59,999",Bachelor's degree,Own home,White;,5,5,5,5,5,5,5,5,5,5,5,5,5,5,5,5,5,5,5,1
129,8/13/2022 8:26,8/13/2022 8:28,"Broadband service (AT&T, Xfinity, etc.);","Smartphone or mobile phone;Laptop computer;Tablet;Smart TV (e.g., Roku, Apple TV);",Woman,30-39,"$15,000 to $29,999",Some college,Own home,White;,5,5,5,5,5,5,5,5,5,5,5,5,5,5,5,5,5,5,5,1
130,8/13/2022 9:21,8/13/2022 9:25,"Broadband service (AT&T, Xfinity, etc.);","Smartphone or mobile phone;Desktop computer;Smart TV (e.g., Roku, Apple TV);",Woman,70-79,"$30,000 to $59,999",Associate's degree,Own home,White;,5,5,5,5,5,5,5,5,5,5,4,4,5,4,3,3,5,5,5,0.926315789
131,8/13/2022 10:58,8/13/2022 11:02,"Broadband service (AT&T, Xfinity, etc.);","Smartphone or mobile phone;Laptop computer;Tablet;Smart TV (e.g., Roku, Apple TV);",Man,60-69,"$125,000 or more",Professional or Doctorate degree,Own home,Did not answer;,3,3,2,3,3,3,2,3,3,3,3,3,4,3,3,3,3,3,3,0.589473684
132,8/13/2022 13:06,8/13/2022 13:08,"Broadband service (AT&T, Xfinity, etc.);","Desktop computer;Smart TV (e.g., Roku, Apple TV);Smartphone or mobile phone;",Woman,60-69,"$30,000 to $59,999",Some college,Own home,White;,5,5,5,5,5,4,4,4,5,4,4,4,5,4,3,3,5,4,5,0.873684211
133,8/13/2022 13:43,8/13/2022 13:48,"Broadband service (AT&T, Xfinity, etc.);","Smartphone or mobile phone;Laptop computer;Smart TV (e.g., Roku, Apple TV);",Woman,50-59,"$15,000 to $29,999",High school diploma or G.E.D.,Own home,White;,2,2,4,3,1,1,5,4,1,2,1,2,3,4,3,3,2,4,4,0.536842105
135,8/13/2022 17:17,8/13/2022 17:20,"Broadband service (AT&T, Xfinity, etc.);",Smartphone or mobile phone;Laptop computer;,Woman,40-49,"$15,000 to $29,999",High school diploma or G.E.D.,Own home,Black or African American;,2,3,5,5,5,4,4,5,4,4,5,5,4,4,4,4,5,4,5,0.852631579
136,8/13/2022 18:17,8/13/2022 18:20,"Broadband service (AT&T, Xfinity, etc.);","Smartphone or mobile phone;Tablet;Smart TV (e.g., Roku, Apple TV);Voice-actvated device (e.g., Alexa, Google Home);Laptop computer;",Woman,40-49,"$30,000 to $59,999",Associate's degree,Own home,White;,5,5,5,5,5,5,5,5,5,5,5,5,5,5,5,5,5,5,5,1
137,8/13/2022 20:05,8/13/2022 20:07,"Broadband service (AT&T, Xfinity, etc.);","Smartphone or mobile phone;Laptop computer;Smart TV (e.g., Roku, Apple TV);Voice-actvated device (e.g., Alexa, Google Home);",Woman,50-59,"$30,000 to $59,999",Associate's degree,Own home,White;,4,3,3,5,4,4,4,5,4,4,5,4,4,4,4,4,4,4,5,0.821052632
138,8/14/2022 11:13,8/14/2022 11:22,"Broadband service (AT&T, Xfinity, etc.);","Smartphone or mobile phone;Laptop computer;Tablet;Desktop computer;Smart TV (e.g., Roku, Apple TV);Voice-actvated device (e.g., Alexa, Google Home);",Man,50-59,"$30,000 to $59,999",Bachelor's degree,Own home,White;,5,4,5,5,5,5,5,5,5,5,5,4,5,5,5,5,5,5,5,0.978947368
139,8/14/2022 11:45,8/14/2022 11:48,"Broadband service (AT&T, Xfinity, etc.);",Smartphone or mobile phone;Laptop computer;Tablet;,Woman,70-79,"$15,000 to $29,999",Master's degree,Rent home,White;,1,1,1,1,1,1,1,1,1,1,1,1,1,1,2,2,1,1,1,0.221052632
141,8/14/2022 19:10,8/14/2022 19:14,"Broadband service (AT&T, Xfinity, etc.);Mobile data plan;","Smartphone or mobile phone;Laptop computer;Tablet;Smart TV (e.g., Roku, Apple TV);Desktop computer;",Woman,40-49,"$15,000 to $29,999",Master's degree,Own home,White;,5,5,5,5,5,5,5,5,5,5,5,5,5,5,5,5,5,5,5,1
142,8/14/2022 20:55,8/14/2022 20:57,"Broadband service (AT&T, Xfinity, etc.);",Smartphone or mobile phone;Laptop computer;Tablet;,Woman,30-39,"$15,000 to $29,999",Associate's degree,Own home,White;,4,4,5,5,4,3,3,4,4,2,1,2,5,3,2,2,3,2,4,0.652631579
143,8/15/2022 2:03,8/15/2022 2:10,I do not have in-home internet;,Smartphone or mobile phone;Laptop computer;Tablet;Desktop computer;,Woman,60-69,"Under $15,000",Some college,Rent home,White;,5,5,4,5,4,4,3,4,4,4,2,2,1,3,2,2,5,4,5,0.715789474
144,8/15/2022 11:24,8/15/2022 11:27,"Broadband service (AT&T, Xfinity, etc.);",Smartphone or mobile phone;Laptop computer;Tablet;,Woman,70-79,"Under $15,000",Master's degree,Rent home,White;,5,5,5,5,5,5,5,5,5,5,5,5,5,5,5,5,5,5,5,1
145,8/15/2022 11:47,8/15/2022 11:51,"Broadband service (AT&T, Xfinity, etc.);",Smartphone or mobile phone;Tablet;Desktop computer;Laptop computer;,Man,60-69,"$30,000 to $59,999",Bachelor's degree,Rent home,White;,5,4,5,5,5,4,5,5,4,3,3,3,5,5,5,3,5,4,4,0.863157895
146,8/15/2022 13:17,8/15/2022 13:20,"Broadband service (AT&T, Xfinity, etc.);Mobile data plan;","Smartphone or mobile phone;Laptop computer;Tablet;Desktop computer;Smart TV (e.g., Roku, Apple TV);",Man,70-79,"$125,000 or more",Professional or Doctorate degree,Own home,White;,5,5,5,5,5,3,5,5,5,3,4,3,4,5,5,5,4,4,5,0.894736842
147,8/15/2022 13:19,8/15/2022 13:21,"Broadband service (AT&T, Xfinity, etc.);","Smartphone or mobile phone;Laptop computer;Tablet;Desktop computer;Gaming console that connects to the internet;Voice-actvated device (e.g., Alexa, Google Home);",Woman,50-59,"$60,000 to $99,999 ",Professional or Doctorate degree,Own home,White;,5,5,5,5,5,5,5,5,5,5,5,5,5,5,5,5,5,5,5,1
148,8/15/2022 16:34,8/15/2022 16:38,I do not have in-home internet;,Smartphone or mobile phone;Laptop computer;,Woman,30-39,"$30,000 to $59,999",High school diploma or G.E.D.,Own home,"Hispanic, Spanish, or Latino/a/x;White;",5,5,5,5,3,3,3,5,4,3,2,5,2,3,3,2,2,2,3,0.684210526
149,8/15/2022 16:39,8/15/2022 16:40,"Broadband service (AT&T, Xfinity, etc.);Mobile data plan;","Smartphone or mobile phone;Laptop computer;Tablet;Desktop computer;Smart TV (e.g., Roku, Apple TV);Gaming console that connects to the internet;Voice-actvated device (e.g., Alexa, Google Home);",Woman,30-39,"$30,000 to $59,999",Master's degree,Own home,White;,5,2,4,5,5,5,5,5,5,5,5,5,5,5,5,5,3,3,4,0.905263158
150,8/15/2022 16:44,8/15/2022 16:46,"Broadband service (AT&T, Xfinity, etc.);",Smartphone or mobile phone;Laptop computer;,Woman,70-79,"$15,000 to $29,999",Professional or Doctorate degree,Own home,White;,5,4,4,5,5,4,3,4,4,4,5,3,4,4,1,1,2,4,4,0.736842105
151,8/15/2022 16:46,8/15/2022 16:48,"Broadband service (AT&T, Xfinity, etc.);","Smart TV (e.g., Roku, Apple TV);",Woman,50-59,"Under $15,000",High school diploma or G.E.D.,Rent home,Black or African American;,1,1,2,1,1,1,1,1,1,1,1,1,1,1,1,1,1,1,1,0.210526316
152,8/15/2022 16:48,8/15/2022 16:50,"Broadband service (AT&T, Xfinity, etc.);","Smartphone or mobile phone;Laptop computer;Tablet;Smart TV (e.g., Roku, Apple TV);",Woman,30-39,"$30,000 to $59,999",Associate's degree,Own home,Black or African American;,5,4,5,5,5,5,5,1,2,2,4,4,5,4,4,4,4,4,4,0.8
153,8/15/2022 16:50,8/15/2022 16:52,"Broadband service (AT&T, Xfinity, etc.);","Smartphone or mobile phone;Laptop computer;Smart TV (e.g., Roku, Apple TV);",Man,40-49,"$30,000 to $59,999",Some college,Rent home,Black or African American;,5,5,5,5,5,5,5,5,5,5,5,5,5,5,5,5,5,5,5,1
154,8/15/2022 16:53,8/15/2022 16:56,"Broadband service (AT&T, Xfinity, etc.);","Smartphone or mobile phone;Laptop computer;Smart TV (e.g., Roku, Apple TV);Gaming console that connects to the internet;Voice-actvated device (e.g., Alexa, Google Home);",Woman,18-29,"Under $15,000",High school diploma or G.E.D.,Own home,"Hispanic, Spanish, or Latino/a/x;Black or African American;",5,5,5,5,5,5,5,5,5,5,5,5,5,5,5,5,5,5,5,1
155,8/15/2022 16:56,8/15/2022 16:59,"Broadband service (AT&T, Xfinity, etc.);","Tablet;Desktop computer;Smart TV (e.g., Roku, Apple TV);",Woman,40-49,"$30,000 to $59,999",Some college,Own home,"Hispanic, Spanish, or Latino/a/x;",4,4,4,4,4,4,4,4,4,4,4,4,4,4,2,4,3,4,4,0.768421053
156,8/15/2022 17:05,8/15/2022 17:07,"Broadband service (AT&T, Xfinity, etc.);","Smartphone or mobile phone;Laptop computer;Tablet;Voice-actvated device (e.g., Alexa, Google Home);",Woman,30-39,"$15,000 to $29,999",Bachelor's degree,Own home,White;,5,4,4,5,5,5,5,5,4,4,5,5,4,5,5,4,5,5,5,0.936842105
157,8/15/2022 17:07,8/15/2022 17:09,"Broadband service (AT&T, Xfinity, etc.);","Smartphone or mobile phone;Laptop computer;Tablet;Smart TV (e.g., Roku, Apple TV);Gaming console that connects to the internet;",Woman,18-29,"$15,000 to $29,999",High school diploma or G.E.D.,Rent home,White;,5,4,5,5,5,5,5,5,5,3,3,5,5,5,4,5,4,4,5,0.915789474
158,8/15/2022 19:18,8/15/2022 19:21,"Broadband service (AT&T, Xfinity, etc.);","Smartphone or mobile phone;Laptop computer;Tablet;Smart TV (e.g., Roku, Apple TV);Gaming console that connects to the internet;Voice-actvated device (e.g., Alexa, Google Home);",Woman,50-59,"$30,000 to $59,999",Bachelor's degree,Rent home,Black or African American;,2,2,1,1,1,1,1,1,1,1,1,1,1,1,1,1,1,1,1,0.221052632
159,8/15/2022 20:14,8/15/2022 20:25,"Broadband service (AT&T, Xfinity, etc.);","Smartphone or mobile phone;Laptop computer;Tablet;Smart TV (e.g., Roku, Apple TV);Gaming console that connects to the internet;Voice-actvated device (e.g., Alexa, Google Home);",Woman,30-39,"$30,000 to $59,999",Some college,Rent home,Black or African American;,5,4,4,5,4,5,2,2,4,5,5,5,4,4,4,5,5,2,5,0.831578947
160,8/15/2022 21:09,8/15/2022 21:10,"Broadband service (AT&T, Xfinity, etc.);",Smartphone or mobile phone;Laptop computer;Tablet;,Man,30-39,"$30,000 to $59,999",Professional or Doctorate degree,Own home,White;,5,5,5,5,5,5,5,5,5,5,5,5,5,5,5,5,5,5,5,1
161,8/15/2022 22:45,8/15/2022 22:49,"Broadband service (AT&T, Xfinity, etc.);","Smartphone or mobile phone;Laptop computer;Tablet;Desktop computer;Smart TV (e.g., Roku, Apple TV);Gaming console that connects to the internet;",Man,60-69,"$60,000 to $99,999 ",Master's degree,Own home,White;,5,4,5,5,5,5,5,5,5,4,4,4,5,5,5,5,5,4,5,0.947368421
162,8/15/2022 17:10,8/16/2022 8:56,"Broadband service (AT&T, Xfinity, etc.);",Smartphone or mobile phone;,Woman,50-59,"Under $15,000",Some college,Rent home,Black or African American;,4,4,2,4,4,2,4,4,4,4,4,4,4,2,2,2,2,2,4,0.652631579
163,8/16/2022 8:56,8/16/2022 8:57,"Broadband service (AT&T, Xfinity, etc.);","Smartphone or mobile phone;Laptop computer;Desktop computer;Smart TV (e.g., Roku, Apple TV);",Woman,60-69,"$60,000 to $99,999 ",Some college,Own home,White;,4,4,5,5,5,5,4,4,5,4,5,5,4,5,5,4,5,4,3,0.894736842
164,8/16/2022 12:42,8/16/2022 12:45,"Broadband service (AT&T, Xfinity, etc.);",Smartphone or mobile phone;Laptop computer;Desktop computer;,Man,18-29,"$60,000 to $99,999 ",Bachelor's degree,Rent home,White;,5,5,5,5,5,5,5,5,5,5,5,5,5,5,5,5,4,4,5,0.978947368
165,8/16/2022 14:30,8/16/2022 14:32,"Broadband service (AT&T, Xfinity, etc.);","Smartphone or mobile phone;Laptop computer;Tablet;Desktop computer;Smart TV (e.g., Roku, Apple TV);Gaming console that connects to the internet;",Man,30-39,"$125,000 or more",Master's degree,Rent home,White;,5,5,5,5,5,5,5,5,5,5,5,5,5,5,5,5,5,5,5,1
166,8/16/2022 16:35,8/16/2022 16:37,"Broadband service (AT&T, Xfinity, etc.);",Smartphone or mobile phone;Laptop computer;Tablet;Desktop computer;,Woman,30-39,"$30,000 to $59,999",Master's degree,Own home,White;,1,1,1,1,1,1,1,1,1,1,1,1,1,2,2,2,1,2,1,0.242105263
167,8/16/2022 17:04,8/16/2022 17:08,"Broadband service (AT&T, Xfinity, etc.);","Smartphone or mobile phone;Laptop computer;Tablet;Smart TV (e.g., Roku, Apple TV);",Woman,60-69,"$60,000 to $99,999 ",High school diploma or G.E.D.,Own home,White;,5,4,5,5,5,4,5,5,5,5,5,3,4,5,5,5,5,5,5,0.947368421
168,8/16/2022 17:03,8/16/2022 17:08,"Broadband service (AT&T, Xfinity, etc.);",Smartphone or mobile phone;Laptop computer;,Woman,60-69,"Under $15,000",Bachelor's degree,Rent home,Black or African American;,4,4,5,5,5,2,2,4,4,2,4,2,4,5,4,2,4,4,4,0.736842105
169,8/16/2022 17:30,8/16/2022 18:04,Mobile data plan;I do not have in-home internet;,Smartphone or mobile phone;,Woman,50-59,"$15,000 to $29,999",Some college,Rent home,Black or African American;,2,2,4,4,4,1,2,4,4,4,2,4,1,4,1,4,4,4,5,0.631578947
170,8/16/2022 19:32,8/16/2022 19:35,"Broadband service (AT&T, Xfinity, etc.);Mobile data plan;","Smartphone or mobile phone;Laptop computer;Smart TV (e.g., Roku, Apple TV);Voice-actvated device (e.g., Alexa, Google Home);",Woman,50-59,"$30,000 to $59,999",Bachelor's degree,Own home,White;,5,4,5,5,5,4,5,5,5,4,5,5,5,5,4,4,5,5,5,0.947368421
171,8/16/2022 23:36,8/16/2022 23:38,"Broadband service (AT&T, Xfinity, etc.);","Smartphone or mobile phone;Laptop computer;Tablet;Desktop computer;Smart TV (e.g., Roku, Apple TV);Gaming console that connects to the internet;",Man,50-59,"$30,000 to $59,999",Bachelor's degree,Own home,White;,5,5,5,5,5,5,5,5,5,5,5,5,5,5,5,5,5,5,5,1
172,8/16/2022 23:48,8/16/2022 23:50,"Broadband service (AT&T, Xfinity, etc.);","Smartphone or mobile phone;Laptop computer;Tablet;Smart TV (e.g., Roku, Apple TV);Voice-actvated device (e.g., Alexa, Google Home);",Woman,40-49,"$30,000 to $59,999",Associate's degree,Own home,White;,5,5,5,5,5,5,5,5,5,5,4,4,5,5,5,5,5,5,5,0.978947368
173,8/17/2022 11:30,8/17/2022 11:56,Provided by my building;,"Smartphone or mobile phone;Laptop computer;Tablet;Smart TV (e.g., Roku, Apple TV);Voice-actvated device (e.g., Alexa, Google Home);",Man,18-29,"$30,000 to $59,999",Master's degree,Rent home,Asian or Asian Indian;,5,5,5,5,5,5,5,5,5,5,5,5,5,5,5,5,5,5,5,1
174,8/17/2022 12:03,8/17/2022 12:08,"Broadband service (AT&T, Xfinity, etc.);","Smartphone or mobile phone;Laptop computer;Smart TV (e.g., Roku, Apple TV);Voice-actvated device (e.g., Alexa, Google Home);",Woman,70-79,"$15,000 to $29,999",High school diploma or G.E.D.,Own home,White;,5,5,5,5,5,5,5,5,5,5,2,2,5,2,2,2,5,5,5,0.842105263
175,8/17/2022 13:03,8/17/2022 13:04,"Broadband service (AT&T, Xfinity, etc.);","Smartphone or mobile phone;Laptop computer;Smart TV (e.g., Roku, Apple TV);",Man,70-79,"$15,000 to $29,999",Bachelor's degree,Own home,White;,5,5,5,5,5,5,5,5,5,3,3,4,4,4,3,2,4,4,5,0.852631579
176,8/17/2022 19:32,8/17/2022 19:34,"Broadband service (AT&T, Xfinity, etc.);","Smartphone or mobile phone;Laptop computer;Tablet;Desktop computer;Smart TV (e.g., Roku, Apple TV);Gaming console that connects to the internet;",Man,50-59,"$125,000 or more",Bachelor's degree,Own home,White;,5,5,5,5,5,5,5,5,5,5,5,5,5,5,5,5,5,5,5,1
177,8/18/2022 8:15,8/18/2022 8:24,"Broadband service (AT&T, Xfinity, etc.);","Smartphone or mobile phone;Laptop computer;Smart TV (e.g., Roku, Apple TV);",Woman,60-69,"$30,000 to $59,999",Associate's degree,Own home,White;,4,3,3,5,4,3,3,1,2,1,2,3,3,2,2,1,4,4,4,0.568421053
178,8/18/2022 21:44,8/18/2022 21:47,"Broadband service (AT&T, Xfinity, etc.);","Smartphone or mobile phone;Laptop computer;Tablet;Desktop computer;Smart TV (e.g., Roku, Apple TV);Voice-actvated device (e.g., Alexa, Google Home);",Woman,30-39,"$15,000 to $29,999",Some college,Own home,"Hispanic, Spanish, or Latino/a/x;",5,5,5,5,5,5,5,5,5,4,4,3,5,5,4,4,5,5,5,0.936842105
179,8/20/2022 1:56,8/20/2022 2:01,"Broadband service (AT&T, Xfinity, etc.);","Smartphone or mobile phone;Laptop computer;Smart TV (e.g., Roku, Apple TV);Gaming console that connects to the internet;",Woman,40-49,"$30,000 to $59,999",Associate's degree,Own home,"Hispanic, Spanish, or Latino/a/x;",5,5,4,5,2,4,5,3,3,4,2,2,4,4,2,2,5,5,4,0.736842105
180,8/20/2022 11:03,8/20/2022 11:06,"Broadband service (AT&T, Xfinity, etc.);","Smartphone or mobile phone;Laptop computer;Tablet;Voice-actvated device (e.g., Alexa, Google Home);",Woman,40-49,"$60,000 to $99,999 ",Some college,Own home,White;,2,2,2,1,2,2,1,1,1,2,2,2,2,2,3,3,1,1,2,0.357894737
181,8/20/2022 18:02,8/20/2022 18:04,"Broadband service (AT&T, Xfinity, etc.);Mobile data plan;","Smartphone or mobile phone;Laptop computer;Smart TV (e.g., Roku, Apple TV);",Woman,30-39,"$60,000 to $99,999 ",Bachelor's degree,Own home,White;,5,5,5,5,5,5,5,5,5,5,5,5,4,5,5,5,5,5,5,0.989473684
182,8/20/2022 21:42,8/20/2022 21:44,"Broadband service (AT&T, Xfinity, etc.);","Smartphone or mobile phone;Laptop computer;Tablet;Desktop computer;Smart TV (e.g., Roku, Apple TV);Gaming console that connects to the internet;Voice-actvated device (e.g., Alexa, Google Home);",Man,30-39,"$60,000 to $99,999 ",Bachelor's degree,Own home,White;,5,5,5,5,5,5,5,5,5,5,5,5,5,5,5,5,5,5,5,1
183,8/21/2022 18:37,8/21/2022 18:42,"Broadband service (AT&T, Xfinity, etc.);Mobile data plan;","Smartphone or mobile phone;Laptop computer;Tablet;Desktop computer;Smart TV (e.g., Roku, Apple TV);Gaming console that connects to the internet;Voice-actvated device (e.g., Alexa, Google Home);",Woman,40-49,"$60,000 to $99,999 ",Bachelor's degree,Rent home,Black or African American;,1,5,5,5,4,4,4,4,4,2,5,5,5,5,4,4,5,5,5,0.852631579
184,8/21/2022 19:17,8/21/2022 19:21,"Broadband service (AT&T, Xfinity, etc.);","Smartphone or mobile phone;Laptop computer;Desktop computer;Gaming console that connects to the internet;Smart TV (e.g., Roku, Apple TV);",Woman,40-49,"$30,000 to $59,999",Some college,Own home,"Hispanic, Spanish, or Latino/a/x;",4,4,4,4,4,4,5,4,5,4,4,4,5,5,3,4,3,4,4,0.821052632
185,8/22/2022 12:19,8/22/2022 12:22,"Broadband service (AT&T, Xfinity, etc.);","Smartphone or mobile phone;Laptop computer;Desktop computer;Smart TV (e.g., Roku, Apple TV);",Woman,18-29,"$30,000 to $59,999",Bachelor's degree,Rent home,White;,5,5,5,5,5,5,5,5,4,5,5,5,5,5,5,5,5,4,5,0.978947368
187,8/23/2022 11:09,8/23/2022 11:13,Mobile data plan;Provided by my building;,"Smartphone or mobile phone;Laptop computer;Smart TV (e.g., Roku, Apple TV);",Woman,30-39,"$30,000 to $59,999",Master's degree,Rent home,Black or African American;,5,5,5,5,5,5,5,5,5,5,5,5,5,5,5,5,5,5,5,1
188,8/23/2022 11:13,8/23/2022 11:14,Provided by my building;,"Smartphone or mobile phone;Laptop computer;Tablet;Desktop computer;Smart TV (e.g., Roku, Apple TV);Gaming console that connects to the internet;",Woman,40-49,"$30,000 to $59,999",Bachelor's degree,Rent home,Black or African American;,5,5,5,5,5,5,5,5,5,5,5,5,5,5,5,5,3,3,3,0.936842105
189,8/23/2022 11:14,8/23/2022 11:16,"Broadband service (AT&T, Xfinity, etc.);","Smartphone or mobile phone;Laptop computer;Smart TV (e.g., Roku, Apple TV);",Man,70-79,"$15,000 to $29,999",Bachelor's degree,Own home,White;,5,5,5,5,5,5,5,5,5,3,3,4,4,4,3,2,4,4,5,0.852631579
190,8/23/2022 11:16,8/23/2022 11:22,"Broadband service (AT&T, Xfinity, etc.);","Smartphone or mobile phone;Tablet;Smart TV (e.g., Roku, Apple TV);",Woman,70-79,"$30,000 to $59,999",Bachelor's degree,Own home,White;,1,5,1,5,5,5,5,5,5,4,5,5,5,4,2,1,5,5,5,0.821052632
191,8/23/2022 11:52,8/23/2022 11:55,"Broadband service (AT&T, Xfinity, etc.);","Smartphone or mobile phone;Laptop computer;Tablet;Smart TV (e.g., Roku, Apple TV);",Woman,60-69,"$60,000 to $99,999 ",High school diploma or G.E.D.,Own home,White;,5,5,5,5,5,5,5,5,5,3,5,4,5,2,2,2,5,5,5,0.873684211
192,8/23/2022 17:59,8/23/2022 18:03,"Broadband service (AT&T, Xfinity, etc.);","Smartphone or mobile phone;Tablet;Smart TV (e.g., Roku, Apple TV);",Woman,60-69,"$30,000 to $59,999",High school diploma or G.E.D.,Own home,White;,5,5,5,5,5,5,4,4,5,4,5,5,5,5,5,2,5,5,5,0.936842105
193,8/23/2022 20:34,8/23/2022 20:36,Provided by my building;,"Smartphone or mobile phone;Laptop computer;Tablet;Smart TV (e.g., Roku, Apple TV);",Man,18-29,"$30,000 to $59,999",Master's degree,Rent home,White;,5,5,5,5,5,5,5,5,5,5,5,5,5,5,5,5,5,5,5,1
194,8/23/2022 20:47,8/23/2022 20:54,"Broadband service (AT&T, Xfinity, etc.);","Smartphone or mobile phone;Laptop computer;Desktop computer;Smart TV (e.g., Roku, Apple TV);",Man,70-79,"$30,000 to $59,999",Master's degree,Rent home,White;,5,5,5,5,5,5,5,5,5,5,5,5,5,5,5,5,5,5,5,1
195,8/23/2022 21:50,8/23/2022 21:54,"Broadband service (AT&T, Xfinity, etc.);",Smartphone or mobile phone;Laptop computer;Tablet;,Woman,50-59,"$30,000 to $59,999",Associate's degree,Own home,White;,5,4,3,5,5,4,5,5,5,3,4,3,4,4,4,4,4,4,5,0.842105263
196,8/23/2022 22:37,8/23/2022 22:39,"Broadband service (AT&T, Xfinity, etc.);",Smartphone or mobile phone;Laptop computer;Tablet;Desktop computer;,Woman,30-39,"$15,000 to $29,999",Master's degree,Rent home,Asian or Asian Indian;,5,5,5,5,5,5,5,5,5,5,5,5,5,5,5,5,5,5,5,1
197,8/24/2022 14:13,8/24/2022 14:15,"Broadband service (AT&T, Xfinity, etc.);Mobile data plan;","Smartphone or mobile phone;Laptop computer;Tablet;Smart TV (e.g., Roku, Apple TV);Gaming console that connects to the internet;Voice-actvated device (e.g., Alexa, Google Home);",Man,40-49,"$60,000 to $99,999 ",Bachelor's degree,Own home,Black or African American;,5,5,5,5,5,5,5,5,5,5,5,5,5,5,5,5,5,5,5,1
198,8/24/2022 14:15,8/24/2022 14:16,I do not have in-home internet;,Smartphone or mobile phone;,Man,60-69,"$15,000 to $29,999",Some college,Own home,Black or African American;,2,1,1,1,1,1,1,1,2,2,1,1,1,1,1,1,1,2,2,0.252631579
199,8/24/2022 14:17,8/24/2022 14:19,Free or public internet;,"Smartphone or mobile phone;Tablet;Smart TV (e.g., Roku, Apple TV);",Woman,30-39,"Under $15,000",Some college,Rent home,"Black or African American;Hispanic, Spanish, or Latino/a/x;White;",4,4,4,4,4,4,4,4,4,4,4,4,4,4,4,3,2,2,2,0.726315789
200,8/24/2022 15:50,8/24/2022 15:54,"Broadband service (AT&T, Xfinity, etc.);","Smartphone or mobile phone;Laptop computer;Desktop computer;Smart TV (e.g., Roku, Apple TV);Gaming console that connects to the internet;",Man,18-29,"Under $15,000",Some high school,Own home,"White;Hispanic, Spanish, or Latino/a/x;",5,5,5,5,5,5,5,5,5,5,5,5,5,5,4,5,1,1,4,0.894736842
201,8/24/2022 15:54,8/24/2022 15:56,"Broadband service (AT&T, Xfinity, etc.);Mobile data plan;","Smartphone or mobile phone;Laptop computer;Tablet;Desktop computer;Smart TV (e.g., Roku, Apple TV);",Woman,50-59,"$100,000 to $124,999",Master's degree,Rent home,White;,1,1,1,1,1,2,1,1,2,2,1,1,2,2,3,2,1,2,1,0.294736842
202,8/24/2022 15:56,8/24/2022 15:58,"Broadband service (AT&T, Xfinity, etc.);","Smartphone or mobile phone;Laptop computer;Tablet;Desktop computer;Smart TV (e.g., Roku, Apple TV);Gaming console that connects to the internet;",Woman,50-59,"$30,000 to $59,999",Bachelor's degree,Own home,White;,5,2,5,5,4,4,5,2,3,3,2,2,3,5,5,2,4,2,5,0.715789474
203,8/24/2022 16:52,8/24/2022 16:56,"Broadband service (AT&T, Xfinity, etc.);",Smartphone or mobile phone;Laptop computer;,Man,50-59,"$60,000 to $99,999 ",Bachelor's degree,Own home,White;,5,1,3,4,1,1,1,1,1,1,1,1,1,4,4,4,4,2,3,0.452631579
204,8/25/2022 11:26,8/25/2022 11:44,"Broadband service (AT&T, Xfinity, etc.);","Smartphone or mobile phone;Laptop computer;Desktop computer;Smart TV (e.g., Roku, Apple TV);",Man,60-69,"$30,000 to $59,999",Bachelor's degree,Own home,White;,5,5,5,5,5,5,5,5,5,5,5,5,5,5,5,5,5,5,5,1
205,8/26/2022 9:05,8/26/2022 9:07,Mobile data plan;,Smartphone or mobile phone;Laptop computer;Tablet;,Man,30-39,"$15,000 to $29,999",Associate's degree,Homeless,Black or African American;,5,5,5,5,5,5,5,5,5,5,3,5,4,5,5,2,5,5,5,0.936842105
206,8/26/2022 9:07,8/26/2022 9:09,Free or public internet;,"Smartphone or mobile phone;Laptop computer;Tablet;Voice-actvated device (e.g., Alexa, Google Home);",Woman,40-49,"Under $15,000",Some college,Homeless,Black or African American;,5,5,5,5,5,5,5,5,5,5,5,5,5,5,5,4,5,5,5,0.989473684
207,8/26/2022 9:09,8/26/2022 9:14,Share with neighbor;,Smartphone or mobile phone;,Woman,30-39,"Under $15,000",Some college,Insecurely housed,Black or African American;,4,2,2,4,2,2,4,4,2,2,2,2,2,2,2,2,2,2,2,0.484210526
208,8/26/2022 9:14,8/26/2022 9:19,"Broadband service (AT&T, Xfinity, etc.);",Smartphone or mobile phone;Tablet;,Woman,30-39,"Under $15,000",High school diploma or G.E.D.,Rent home,Black or African American;,5,4,5,4,4,3,3,5,2,3,4,4,4,3,2,3,1,3,4,0.694736842
209,8/26/2022 13:05,8/26/2022 13:07,"Broadband service (AT&T, Xfinity, etc.);",Smartphone or mobile phone;Tablet;Desktop computer;,Man,60-69,"$30,000 to $59,999",Master's degree,Own home,White;,4,3,4,5,5,4,3,3,4,5,5,5,4,3,2,3,4,4,5,0.789473684
210,8/26/2022 13:07,8/26/2022 13:08,"Broadband service (AT&T, Xfinity, etc.);",Smartphone or mobile phone;Tablet;,Woman,60-69,"$15,000 to $29,999",Bachelor's degree,Own home,White;,5,1,4,4,4,2,1,1,2,1,4,4,1,4,3,3,3,4,5,0.589473684
211,8/26/2022 14:53,8/26/2022 14:56,"Broadband service (AT&T, Xfinity, etc.);","Smartphone or mobile phone;Laptop computer;Tablet;Smart TV (e.g., Roku, Apple TV);Voice-actvated device (e.g., Alexa, Google Home);",Man,70-79,"$125,000 or more",Bachelor's degree,Own home,White;,1,1,1,1,1,1,1,1,1,1,1,1,1,1,1,1,1,1,1,0.2
212,8/26/2022 16:32,8/26/2022 16:38,"Broadband service (AT&T, Xfinity, etc.);","Smartphone or mobile phone;Laptop computer;Tablet;Desktop computer;Smart TV (e.g., Roku, Apple TV);Gaming console that connects to the internet;",Man,30-39,"$30,000 to $59,999",High school diploma or G.E.D.,Own home,"Hispanic, Spanish, or Latino/a/x;",5,5,5,5,5,5,5,5,5,5,5,5,5,5,5,3,4,5,5,0.968421053
213,8/26/2022 17:49,8/26/2022 17:51,"Broadband service (AT&T, Xfinity, etc.);","Smartphone or mobile phone;Laptop computer;Tablet;Desktop computer;Smart TV (e.g., Roku, Apple TV);Gaming console that connects to the internet;Voice-actvated device (e.g., Alexa, Google Home);",Woman,30-39,"$100,000 to $124,999",Master's degree,Own home,"Hispanic, Spanish, or Latino/a/x;",5,5,5,5,5,5,5,5,5,5,5,5,5,5,5,5,5,5,5,1
214,8/30/2022 12:19,8/30/2022 12:20,I do not have in-home internet;,"Smartphone or mobile phone;Smart TV (e.g., Roku, Apple TV);",Woman,18-29,"Under $15,000",High school diploma or G.E.D.,Rent home,Black or African American;,5,5,5,5,5,5,5,5,5,5,5,5,5,5,5,5,5,5,5,1
215,8/30/2022 12:20,8/30/2022 12:21,I do not have in-home internet;,"Smart TV (e.g., Roku, Apple TV);",Woman,50-59,"Under $15,000",High school diploma or G.E.D.,Rent home,Black or African American;,5,5,5,5,5,5,5,5,5,5,5,5,5,4,4,4,5,5,5,0.968421053
216,8/30/2022 12:23,8/30/2022 12:24,I do not have in-home internet;,Smartphone or mobile phone;,Woman,30-39,"Under $15,000",High school diploma or G.E.D.,Own home,White;,3,5,5,5,5,3,5,5,3,5,4,4,4,4,3,2,4,4,4,0.810526316
217,8/30/2022 12:24,8/30/2022 12:25,I do not have in-home internet;,Smartphone or mobile phone;,Man,50-59,"Under $15,000",High school diploma or G.E.D.,Own home,White;,2,2,2,3,2,2,3,4,3,1,2,2,4,1,1,1,2,1,4,0.442105263
218,8/30/2022 15:59,8/30/2022 16:04,"Broadband service (AT&T, Xfinity, etc.);","Smartphone or mobile phone;Laptop computer;Tablet;Smart TV (e.g., Roku, Apple TV);Voice-actvated device (e.g., Alexa, Google Home);",Woman,70-79,"$30,000 to $59,999",Master's degree,Own home,White;,5,1,4,5,4,1,1,1,4,1,4,4,4,1,1,1,5,1,5,0.557894737
219,8/31/2022 12:10,8/31/2022 12:12,"Broadband service (AT&T, Xfinity, etc.);","Smartphone or mobile phone;Laptop computer;Tablet;Desktop computer;Smart TV (e.g., Roku, Apple TV);Gaming console that connects to the internet;",Woman,40-49,"$100,000 to $124,999",Bachelor's degree,Own home,White;,5,5,5,5,5,5,5,2,4,2,2,3,4,4,4,4,4,4,5,0.810526316
220,8/31/2022 12:12,8/31/2022 12:14,"Broadband service (AT&T, Xfinity, etc.);",Smartphone or mobile phone;Laptop computer;Tablet;,Woman,30-39,"$30,000 to $59,999",Professional or Doctorate degree,Rent home,White;,5,5,5,5,5,5,5,5,4,4,5,4,4,5,5,5,4,4,3,0.915789474
221,9/7/2022 21:12,9/7/2022 21:16,"Broadband service (AT&T, Xfinity, etc.);",Tablet;Laptop computer;Desktop computer;,Woman,50-59,"$30,000 to $59,999",High school diploma or G.E.D.,Own home,White;,5,4,5,5,4,3,5,4,5,5,2,1,2,3,3,3,5,3,4,0.747368421
222,9/9/2022 14:08,9/9/2022 14:09,"Broadband service (AT&T, Xfinity, etc.);","Smartphone or mobile phone;Laptop computer;Tablet;Desktop computer;Smart TV (e.g., Roku, Apple TV);Gaming console that connects to the internet;Voice-actvated device (e.g., Alexa, Google Home);",Man,18-29,"$30,000 to $59,999",Bachelor's degree,Own home,Asian or Asian Indian;Black or African American;,5,5,5,5,5,5,5,5,5,5,5,5,5,5,5,5,5,5,5,1
223,9/14/2022 12:48,9/14/2022 12:55,"Broadband service (AT&T, Xfinity, etc.);","Smartphone or mobile phone;Desktop computer;Smart TV (e.g., Roku, Apple TV);Tablet;",Man,70-79,"$15,000 to $29,999",Some college,Rent home,White;,4,4,4,5,5,3,5,4,3,1,5,1,4,3,3,2,5,5,4,0.736842105
224,9/14/2022 16:53,9/14/2022 16:56,"Broadband service (AT&T, Xfinity, etc.);Mobile data plan;","Smartphone or mobile phone;Laptop computer;Tablet;Smart TV (e.g., Roku, Apple TV);",Woman,18-29,"$30,000 to $59,999",Some college,Own home,"Hispanic, Spanish, or Latino/a/x;",3,4,4,5,4,4,4,4,4,4,4,2,4,4,4,4,5,5,5,0.810526316
225,9/14/2022 19:02,9/14/2022 19:05,"Broadband service (AT&T, Xfinity, etc.);","Smartphone or mobile phone;Laptop computer;Smart TV (e.g., Roku, Apple TV);Gaming console that connects to the internet;Voice-actvated device (e.g., Alexa, Google Home);Tablet;",Woman,40-49,"$30,000 to $59,999",Some college,Own home,White;,3,4,5,5,5,5,3,3,4,4,4,4,5,4,3,3,2,4,2,0.757894737
226,9/15/2022 15:05,9/15/2022 15:07,"Broadband service (AT&T, Xfinity, etc.);","Smartphone or mobile phone;Laptop computer;Desktop computer;Smart TV (e.g., Roku, Apple TV);Gaming console that connects to the internet;",Woman,18-29,"Under $15,000",Some college,Rent home,Black or African American;,5,5,5,5,5,5,5,5,5,5,5,5,5,5,5,5,5,5,5,1
227,9/15/2022 17:17,9/15/2022 17:19,"Broadband service (AT&T, Xfinity, etc.);","Smartphone or mobile phone;Laptop computer;Tablet;Desktop computer;Smart TV (e.g., Roku, Apple TV);Gaming console that connects to the internet;",Man,30-39,"$125,000 or more",Professional or Doctorate degree,Own home,White;,5,5,5,5,5,5,5,5,5,5,5,5,5,5,5,5,5,5,5,1
228,9/15/2022 18:20,9/15/2022 18:24,"Broadband service (AT&T, Xfinity, etc.);","Smartphone or mobile phone;Laptop computer;Tablet;Smart TV (e.g., Roku, Apple TV);",Woman,30-39,"$30,000 to $59,999",Some college,Rent home,"Hispanic, Spanish, or Latino/a/x;White;",4,4,4,5,4,4,4,4,2,4,2,4,5,4,2,2,5,4,4,0.747368421
229,9/15/2022 18:31,9/15/2022 18:35,"Broadband service (AT&T, Xfinity, etc.);",Smartphone or mobile phone;Laptop computer;Tablet;,Woman,60-69,"$60,000 to $99,999 ",Bachelor's degree,Own home,White;,4,4,4,5,5,3,4,4,4,4,4,4,4,5,5,4,5,4,4,0.842105263
230,9/15/2022 18:47,9/15/2022 18:50,Mobile data plan;Tmobile 5G;,"Smartphone or mobile phone;Laptop computer;Desktop computer;Smart TV (e.g., Roku, Apple TV);Voice-actvated device (e.g., Alexa, Google Home);",Woman,50-59,"$60,000 to $99,999 ",Associate's degree,Own home,White;,5,5,5,5,5,5,5,5,5,5,5,5,5,5,5,5,5,5,5,1
231,9/15/2022 19:02,9/15/2022 19:04,"Broadband service (AT&T, Xfinity, etc.);","Smartphone or mobile phone;Laptop computer;Tablet;Voice-actvated device (e.g., Alexa, Google Home);",Man,30-39,"$30,000 to $59,999",Master's degree,Own home,White;,5,5,5,5,5,5,5,5,5,5,5,5,5,5,5,5,5,5,5,1
232,9/15/2022 19:02,9/15/2022 19:19,"Broadband service (AT&T, Xfinity, etc.);","Smartphone or mobile phone;Laptop computer;Tablet;Desktop computer;Smart TV (e.g., Roku, Apple TV);Gaming console that connects to the internet;",Woman,50-59,"$30,000 to $59,999",Bachelor's degree,Own home,White;,5,5,5,5,5,4,5,5,4,4,3,3,5,5,5,4,4,4,4,0.884210526
233,9/15/2022 21:58,9/15/2022 22:02,"Broadband service (AT&T, Xfinity, etc.);",Smartphone or mobile phone;Laptop computer;Gaming console that connects to the internet;,Man,18-29,"Under $15,000",High school diploma or G.E.D.,Rent home,"Hispanic, Spanish, or Latino/a/x;White;",5,4,5,5,5,5,5,4,4,2,5,5,5,5,2,4,5,4,5,0.884210526
234,9/15/2022 22:03,9/15/2022 22:10,"Broadband service (AT&T, Xfinity, etc.);","Smartphone or mobile phone;Desktop computer;Smart TV (e.g., Roku, Apple TV);",Woman,18-29,"$15,000 to $29,999",High school diploma or G.E.D.,Own home,White;,5,4,5,4,5,4,5,4,5,4,4,4,5,4,4,4,4,3,5,0.863157895
235,9/16/2022 8:44,9/16/2022 8:51,"Broadband service (AT&T, Xfinity, etc.);","Smartphone or mobile phone;Laptop computer;Tablet;Smart TV (e.g., Roku, Apple TV);",Woman,40-49,"$125,000 or more",Bachelor's degree,Own home,White;,5,5,5,5,5,5,5,5,5,5,5,5,5,5,5,5,5,5,5,1
236,9/16/2022 10:08,9/16/2022 10:11,"Broadband service (AT&T, Xfinity, etc.);","Smartphone or mobile phone;Laptop computer;Tablet;Desktop computer;Smart TV (e.g., Roku, Apple TV);Gaming console that connects to the internet;",Man,18-29,"$30,000 to $59,999",Some college,Own home,White;,5,5,5,5,5,5,5,5,4,5,5,5,5,5,4,4,4,1,5,0.915789474
237,9/16/2022 14:41,9/16/2022 14:45,Mobile data plan;,"Smartphone or mobile phone;Gaming console that connects to the internet;Smart TV (e.g., Roku, Apple TV);Tablet;",Woman,30-39,"$30,000 to $59,999",Bachelor's degree,Rent home,Black or African American;,4,4,2,4,5,5,5,5,4,4,5,5,5,5,5,5,1,2,4,0.831578947
238,9/16/2022 15:43,9/16/2022 15:48,"Broadband service (AT&T, Xfinity, etc.);",Smartphone or mobile phone;Laptop computer;,Man,70-79,"$125,000 or more",Bachelor's degree,Own home,White;,5,5,5,5,5,5,5,5,5,5,5,4,5,5,5,3,5,5,5,0.968421053
239,9/16/2022 16:16,9/16/2022 16:19,T-Mobile;,"Smartphone or mobile phone;Laptop computer;Tablet;Smart TV (e.g., Roku, Apple TV);Gaming console that connects to the internet;Voice-actvated device (e.g., Alexa, Google Home);",Man,50-59,"$30,000 to $59,999",Some college,Rent home,White;,1,2,2,1,1,1,1,1,1,1,1,2,1,1,1,1,1,1,1,0.231578947
240,9/16/2022 16:52,9/16/2022 16:55,"Broadband service (AT&T, Xfinity, etc.);","Smartphone or mobile phone;Laptop computer;Tablet;Smart TV (e.g., Roku, Apple TV);Gaming console that connects to the internet;Voice-actvated device (e.g., Alexa, Google Home);",Man,18-29,"$30,000 to $59,999",Bachelor's degree,Own home,White;,5,5,5,5,5,5,5,5,5,5,5,5,5,5,5,5,5,5,5,1
241,9/16/2022 16:56,9/16/2022 17:04,"Broadband service (AT&T, Xfinity, etc.);","Smartphone or mobile phone;Laptop computer;Tablet;Smart TV (e.g., Roku, Apple TV);Gaming console that connects to the internet;Voice-actvated device (e.g., Alexa, Google Home);Desktop computer;",Woman,40-49,"Under $15,000",Some college,Rent home,Black or African American;,5,4,5,5,4,4,5,5,4,4,5,4,4,5,5,4,5,4,4,0.894736842
242,9/16/2022 17:19,9/16/2022 17:21,"Broadband service (AT&T, Xfinity, etc.);","Smartphone or mobile phone;Laptop computer;Tablet;Smart TV (e.g., Roku, Apple TV);Voice-actvated device (e.g., Alexa, Google Home);",Woman,50-59,"$125,000 or more",Master's degree,Own home,Black or African American;American Indian or Alaska Native;,5,5,5,5,5,5,5,5,5,5,5,5,5,5,5,5,5,5,5,1
243,9/17/2022 4:35,9/17/2022 4:38,"Broadband service (AT&T, Xfinity, etc.);","Smartphone or mobile phone;Laptop computer;Tablet;Desktop computer;Smart TV (e.g., Roku, Apple TV);",Man,60-69,"$60,000 to $99,999 ",Bachelor's degree,Own home,White;,5,5,5,5,5,5,5,5,5,5,5,5,5,5,5,5,5,5,5,1
244,9/17/2022 12:38,9/17/2022 12:41,"Broadband service (AT&T, Xfinity, etc.);","Smartphone or mobile phone;Smart TV (e.g., Roku, Apple TV);",Woman,50-59,"$30,000 to $59,999",Associate's degree,Rent home,Black or African American;,4,2,2,4,4,3,3,3,3,3,3,4,4,4,3,4,4,2,3,0.652631579
245,9/17/2022 15:51,9/17/2022 15:53,"Broadband service (AT&T, Xfinity, etc.);","Smartphone or mobile phone;Laptop computer;Tablet;Smart TV (e.g., Roku, Apple TV);Gaming console that connects to the internet;",Man,50-59,"$125,000 or more",Professional or Doctorate degree,Own home,White;,5,5,5,5,5,5,5,5,5,5,5,5,5,5,5,5,5,5,5,1
246,9/17/2022 18:58,9/17/2022 19:02,"Broadband service (AT&T, Xfinity, etc.);Mobile data plan;",Smartphone or mobile phone;Laptop computer;,Woman,40-49,"$15,000 to $29,999",Some college,Rent home,White;,5,5,5,5,5,4,5,5,4,4,4,4,5,5,3,2,5,4,5,0.884210526
247,9/17/2022 23:18,9/17/2022 23:24,"Broadband service (AT&T, Xfinity, etc.);",Smartphone or mobile phone;Desktop computer;,Man,70-79,"Under $15,000",Bachelor's degree,Own home,White;,5,5,4,4,4,4,5,4,4,3,3,3,3,3,3,3,2,2,2,0.694736842
248,9/18/2022 17:03,9/18/2022 17:27,"Broadband service (AT&T, Xfinity, etc.);","Smartphone or mobile phone;Laptop computer;Smart TV (e.g., Roku, Apple TV);Gaming console that connects to the internet;",Man,30-39,"$30,000 to $59,999",Bachelor's degree,Own home,White;,5,5,5,5,5,5,5,5,5,5,5,5,5,5,5,5,5,5,5,1
249,9/19/2022 6:24,9/19/2022 6:26,"Broadband service (AT&T, Xfinity, etc.);","Smartphone or mobile phone;Laptop computer;Tablet;Smart TV (e.g., Roku, Apple TV);Gaming console that connects to the internet;",Man,40-49,"$30,000 to $59,999",Some college,Own home,"Hispanic, Spanish, or Latino/a/x;",5,5,5,5,5,3,5,5,5,5,2,2,5,5,5,5,5,5,5,0.915789474
250,9/19/2022 9:20,9/19/2022 9:24,"Broadband service (AT&T, Xfinity, etc.);","Smartphone or mobile phone;Laptop computer;Smart TV (e.g., Roku, Apple TV);Gaming console that connects to the internet;Voice-actvated device (e.g., Alexa, Google Home);",Woman,60-69,"$15,000 to $29,999",Bachelor's degree,Own home,White;,5,2,4,5,4,4,5,4,4,2,4,4,4,4,4,2,2,4,4,0.747368421
251,9/19/2022 10:57,9/19/2022 10:59,I do not have in-home internet;,No devices in household;,Man,70-79,"$30,000 to $59,999",Bachelor's degree,Rent home,Black or African American;,1,2,1,2,2,2,2,2,1,1,1,2,2,2,1,1,1,1,1,0.294736842
252,9/19/2022 10:59,9/19/2022 11:00,"Broadband service (AT&T, Xfinity, etc.);","Smartphone or mobile phone;Laptop computer;Smart TV (e.g., Roku, Apple TV);",Man,50-59,"$30,000 to $59,999",High school diploma or G.E.D.,Own home,Black or African American;,4,4,4,4,4,4,4,4,4,4,4,4,4,4,4,4,4,4,4,0.8
253,9/19/2022 11:00,9/19/2022 11:02,"Broadband service (AT&T, Xfinity, etc.);",Smartphone or mobile phone;Laptop computer;Tablet;,Man,70-79,"$30,000 to $59,999",High school diploma or G.E.D.,Rent home,Black or African American;,1,4,2,2,2,4,4,4,2,4,4,4,2,1,1,1,2,1,4,0.515789474
254,9/19/2022 11:02,9/19/2022 11:05,"Broadband service (AT&T, Xfinity, etc.);","Smart TV (e.g., Roku, Apple TV);Smartphone or mobile phone;",Woman,50-59,"$30,000 to $59,999",Associate's degree,Rent home,Black or African American;,5,4,3,3,2,2,2,2,3,4,5,5,3,3,1,1,4,4,4,0.631578947
255,9/19/2022 11:17,9/19/2022 11:19,"Broadband service (AT&T, Xfinity, etc.);","Smartphone or mobile phone;Laptop computer;Smart TV (e.g., Roku, Apple TV);",Man,18-29,"$30,000 to $59,999",High school diploma or G.E.D.,Own home,Black or African American;,5,5,5,5,5,5,5,4,5,5,5,5,5,5,5,5,5,5,5,0.989473684
256,9/19/2022 11:19,9/19/2022 11:32,"Broadband service (AT&T, Xfinity, etc.);","Smartphone or mobile phone;Laptop computer;Tablet;Smart TV (e.g., Roku, Apple TV);Gaming console that connects to the internet;Voice-actvated device (e.g., Alexa, Google Home);",Woman,30-39,"$30,000 to $59,999",Some college,Rent home,Black or African American;,5,5,4,4,4,4,4,5,4,4,5,5,4,4,4,4,4,5,5,0.873684211
257,9/19/2022 11:33,9/19/2022 11:35,I do not have in-home internet;,Laptop computer;Tablet;,Woman,60-69,"$30,000 to $59,999",Bachelor's degree,Own home,Black or African American;,4,2,4,2,1,1,1,1,2,1,1,1,1,4,1,1,1,1,1,0.326315789
258,9/19/2022 11:35,9/19/2022 11:36,Mobile data plan;,"Smartphone or mobile phone;Laptop computer;Tablet;Smart TV (e.g., Roku, Apple TV);",Woman,60-69,"$30,000 to $59,999",Some college,Own home,Black or African American;,5,5,5,5,5,5,5,5,5,5,5,5,5,5,5,5,5,5,5,1
259,9/19/2022 12:17,9/19/2022 12:20,"Broadband service (AT&T, Xfinity, etc.);","Smartphone or mobile phone;Tablet;Smart TV (e.g., Roku, Apple TV);Gaming console that connects to the internet;",Woman,30-39,"$30,000 to $59,999",High school diploma or G.E.D.,Rent home,Black or African American;,5,5,5,5,5,4,3,5,5,4,4,5,4,2,2,2,5,5,5,0.842105263
260,9/19/2022 16:01,9/19/2022 16:05,"Broadband service (AT&T, Xfinity, etc.);","Smartphone or mobile phone;Laptop computer;Tablet;Desktop computer;Smart TV (e.g., Roku, Apple TV);Voice-actvated device (e.g., Alexa, Google Home);",Woman,80+,"$60,000 to $99,999 ",Master's degree,Own home,White;,5,4,5,5,5,5,4,5,5,5,5,5,5,5,5,5,5,5,5,0.978947368
261,9/19/2022 16:32,9/19/2022 16:34,"Broadband service (AT&T, Xfinity, etc.);","Smartphone or mobile phone;Laptop computer;Tablet;Desktop computer;Smart TV (e.g., Roku, Apple TV);Gaming console that connects to the internet;",Woman,30-39,"$60,000 to $99,999 ",Associate's degree,Own home,White;,5,5,5,5,5,5,5,5,5,3,5,5,5,5,5,5,5,5,5,0.978947368
262,9/21/2022 19:32,9/21/2022 19:42,"Broadband service (AT&T, Xfinity, etc.);","Smartphone or mobile phone;Desktop computer;Smart TV (e.g., Roku, Apple TV);Voice-actvated device (e.g., Alexa, Google Home);",Woman,60-69,"Under $15,000",Some college,Own home,White;,1,1,1,5,5,5,4,5,4,3,1,5,5,5,2,1,5,5,5,0.715789474
263,9/23/2022 14:49,9/23/2022 14:52,"Broadband service (AT&T, Xfinity, etc.);","Smartphone or mobile phone;Laptop computer;Tablet;Desktop computer;Smart TV (e.g., Roku, Apple TV);",Man,60-69,"$15,000 to $29,999",Some college,Own home,White;,1,2,1,1,1,1,1,2,1,2,3,3,1,2,3,3,1,1,1,0.326315789
264,9/24/2022 7:41,9/24/2022 7:43,"Broadband service (AT&T, Xfinity, etc.);","Smartphone or mobile phone;Laptop computer;Tablet;Smart TV (e.g., Roku, Apple TV);",Woman,50-59,"$125,000 or more",Master's degree,Own home,White;,1,1,1,1,1,1,1,1,2,1,1,1,1,1,2,3,1,1,1,0.242105263
265,9/25/2022 18:08,9/25/2022 18:18,"Broadband service (AT&T, Xfinity, etc.);I don’t know;","Smartphone or mobile phone;Laptop computer;Tablet;Smart TV (e.g., Roku, Apple TV);",Man,70-79,"$30,000 to $59,999",High school diploma or G.E.D.,Own home,White;,5,2,4,5,5,4,4,2,4,3,2,2,4,4,4,2,5,3,4,0.715789474
266,10/1/2022 11:50,10/1/2022 11:56,"Broadband service (AT&T, Xfinity, etc.);","Smartphone or mobile phone;Laptop computer;Tablet;Smart TV (e.g., Roku, Apple TV);Gaming console that connects to the internet;Voice-actvated device (e.g., Alexa, Google Home);",Woman,40-49,"Under $15,000",Some college,Rent home,Black or African American;,4,4,2,5,4,4,2,4,4,3,1,2,4,4,1,1,2,2,2,0.578947368
267,10/3/2022 16:09,10/3/2022 16:16,"Broadband service (AT&T, Xfinity, etc.);","Smartphone or mobile phone;Laptop computer;Smart TV (e.g., Roku, Apple TV);Gaming console that connects to the internet;Voice-actvated device (e.g., Alexa, Google Home);Desktop computer;",Woman,40-49,"$30,000 to $59,999",Bachelor's degree,Own home,White;,5,5,5,5,4,4,2,5,5,4,4,2,4,5,4,4,5,5,5,0.863157895
268,10/8/2022 10:50,10/8/2022 10:54,"Mobile data plan;Broadband service (AT&T, Xfinity, etc.);","Smartphone or mobile phone;Laptop computer;Smart TV (e.g., Roku, Apple TV);",Woman,30-39,"$60,000 to $99,999 ",Master's degree,Own home,"Hispanic, Spanish, or Latino/a/x;White;",5,5,5,5,5,5,5,5,5,5,5,5,5,5,5,5,5,5,5,1
269,10/8/2022 21:56,10/8/2022 22:00,"Broadband service (AT&T, Xfinity, etc.);",Laptop computer;Smartphone or mobile phone;,Man,30-39,"$60,000 to $99,999 ",Master's degree,Own home,White;,4,5,4,5,5,4,5,5,3,4,4,4,3,4,5,4,4,4,4,0.842105263
270,10/10/2022 8:18,10/10/2022 8:22,"Broadband service (AT&T, Xfinity, etc.);","Smartphone or mobile phone;Laptop computer;Tablet;Smart TV (e.g., Roku, Apple TV);Gaming console that connects to the internet;Voice-actvated device (e.g., Alexa, Google Home);",Woman,30-39,"$60,000 to $99,999 ",Bachelor's degree,Own home,White;,5,4,4,5,5,5,5,4,3,3,3,3,5,4,5,5,5,2,5,0.842105263
271,10/12/2022 13:26,10/12/2022 18:15,"Mobile data plan;Broadband service (AT&T, Xfinity, etc.);",Smartphone or mobile phone;Tablet;,Woman,50-59,"Under $15,000",Bachelor's degree,Insecurely housed,White;,5,2,3,4,2,1,1,1,4,1,4,4,5,1,1,1,1,1,5,0.494736842
272,10/15/2022 9:40,10/15/2022 9:44,"Broadband service (AT&T, Xfinity, etc.);",Smartphone or mobile phone;Tablet;Desktop computer;,Woman,50-59,"$100,000 to $124,999",Master's degree,Own home,White;,5,5,5,5,5,5,4,4,3,3,4,4,4,4,4,4,4,4,4,0.842105263
273,10/15/2022 9:57,10/15/2022 10:01,"Broadband service (AT&T, Xfinity, etc.);","Smartphone or mobile phone;Laptop computer;Tablet;Smart TV (e.g., Roku, Apple TV);",Man,50-59,"$60,000 to $99,999 ",Associate's degree,Own home,Black or African American;,1,3,2,1,1,1,1,1,1,1,1,1,1,1,1,1,1,1,1,0.231578947
274,10/24/2022 11:00,10/24/2022 11:03,"Broadband service (AT&T, Xfinity, etc.);",Smartphone or mobile phone;Laptop computer;Tablet;,Man,70-79,"$60,000 to $99,999 ",Bachelor's degree,Own home,White;,5,5,5,5,5,5,5,5,5,5,5,5,5,5,5,5,5,4,5,0.989473684
275,10/24/2022 17:38,10/24/2022 17:41,I don’t know;,"Smartphone or mobile phone;Laptop computer;Tablet;Smart TV (e.g., Roku, Apple TV);Gaming console that connects to the internet;Voice-actvated device (e.g., Alexa, Google Home);",Woman,18-29,"Under $15,000",Some college,Insecurely housed,Black or African American;,5,3,4,5,5,5,5,5,4,3,4,4,2,5,4,3,4,1,4,0.789473684
276,10/24/2022 17:41,10/24/2022 17:42,"Mobile data plan;Broadband service (AT&T, Xfinity, etc.);","Smartphone or mobile phone;Laptop computer;Desktop computer;Smart TV (e.g., Roku, Apple TV);Gaming console that connects to the internet;",Woman,30-39,"Under $15,000",Some college,Rent home,Black or African American;,4,4,4,4,4,2,4,4,4,3,3,3,4,3,2,2,3,2,3,0.652631579
277,10/24/2022 17:43,10/24/2022 17:44,"Broadband service (AT&T, Xfinity, etc.);","Smartphone or mobile phone;Laptop computer;Tablet;Desktop computer;Smart TV (e.g., Roku, Apple TV);Gaming console that connects to the internet;Voice-actvated device (e.g., Alexa, Google Home);",Woman,40-49,"$30,000 to $59,999",Master's degree,Own home,White;,5,4,5,5,5,5,5,5,4,4,3,3,5,5,5,5,5,5,5,0.926315789
278,10/24/2022 17:44,10/24/2022 17:46,"Broadband service (AT&T, Xfinity, etc.);","Smartphone or mobile phone;Laptop computer;Tablet;Desktop computer;Smart TV (e.g., Roku, Apple TV);Gaming console that connects to the internet;Voice-actvated device (e.g., Alexa, Google Home);",Woman,30-39,"$60,000 to $99,999 ",Bachelor's degree,Own home,"White;Hispanic, Spanish, or Latino/a/x;",5,5,5,5,5,5,5,5,5,5,5,5,5,5,5,5,5,4,5,0.989473684
280,10/24/2022 17:48,10/24/2022 17:50,Mobile data plan;Free or public internet;,Smartphone or mobile phone;,Woman,30-39,"$15,000 to $29,999",High school diploma or G.E.D.,Insecurely housed,Asian or Asian Indian;,5,5,5,5,4,4,4,3,4,3,4,4,4,3,3,3,3,3,4,0.768421053
281,10/24/2022 17:50,10/24/2022 17:52,"Broadband service (AT&T, Xfinity, etc.);","Smartphone or mobile phone;Laptop computer;Tablet;Desktop computer;Gaming console that connects to the internet;Voice-actvated device (e.g., Alexa, Google Home);",Woman,40-49,"$30,000 to $59,999",Some college,Own home,Black or African American;,1,2,1,1,1,1,2,2,2,2,2,2,1,2,4,2,2,2,1,0.347368421
282,10/24/2022 17:52,10/24/2022 17:54,"Broadband service (AT&T, Xfinity, etc.);Mobile data plan;","Smartphone or mobile phone;Laptop computer;Tablet;Smart TV (e.g., Roku, Apple TV);",Woman,50-59,"$15,000 to $29,999",Master's degree,Rent home,Black or African American;Native Hawaiian or Other Pacific Islander;,4,4,5,5,4,4,4,4,4,2,3,3,4,4,3,3,5,5,5,0.789473684
283,10/24/2022 17:54,10/24/2022 17:55,"Broadband service (AT&T, Xfinity, etc.);","Voice-actvated device (e.g., Alexa, Google Home);",Woman,60-69,"$15,000 to $29,999",Some high school,Own home,Black or African American;,1,1,1,1,1,1,1,1,1,1,1,1,1,1,1,1,1,1,1,0.2
285,10/24/2022 17:57,10/24/2022 17:59,"Broadband service (AT&T, Xfinity, etc.);Mobile data plan;","Smartphone or mobile phone;Laptop computer;Tablet;Smart TV (e.g., Roku, Apple TV);Gaming console that connects to the internet;",Woman,30-39,"$30,000 to $59,999",Some college,Rent home,White;,5,4,5,5,5,4,5,5,5,3,3,4,5,5,4,2,5,4,5,0.873684211
286,10/24/2022 17:59,10/24/2022 18:01,"Broadband service (AT&T, Xfinity, etc.);","Smartphone or mobile phone;Desktop computer;Smart TV (e.g., Roku, Apple TV);Voice-actvated device (e.g., Alexa, Google Home);",Woman,80+,"$30,000 to $59,999",Associate's degree,Own home,Asian or Asian Indian;Native Hawaiian or Other Pacific Islander;,5,3,2,3,1,1,2,1,1,2,1,1,1,2,1,2,3,3,3,0.4
287,10/24/2022 18:02,10/24/2022 18:04,"Broadband service (AT&T, Xfinity, etc.);","Smartphone or mobile phone;Laptop computer;Tablet;Smart TV (e.g., Roku, Apple TV);Gaming console that connects to the internet;",Woman,30-39,"Under $15,000",Some college,Rent home,Black or African American;,3,5,3,5,5,5,5,5,5,5,5,5,5,5,5,5,5,5,5,0.957894737
288,10/24/2022 18:04,10/24/2022 18:05,I do not have in-home internet;,No devices in household;,Man,70-79,"$30,000 to $59,999",Bachelor's degree,Rent home,"Hispanic, Spanish, or Latino/a/x;White;",5,4,3,3,4,2,1,4,1,1,1,1,2,3,2,2,2,5,2,0.505263158
289,10/24/2022 18:06,10/24/2022 18:07,"Broadband service (AT&T, Xfinity, etc.);","Smartphone or mobile phone;Laptop computer;Tablet;Smart TV (e.g., Roku, Apple TV);Voice-actvated device (e.g., Alexa, Google Home);",Woman,60-69,"$60,000 to $99,999 ",Bachelor's degree,Own home,White;,5,5,5,5,5,5,5,5,5,5,5,5,5,5,5,5,5,5,5,1
290,10/24/2022 18:08,10/24/2022 18:10,Mobile data plan;Free or public internet;I do not have in-home internet;,Smartphone or mobile phone;Laptop computer;Tablet;Desktop computer;,Man,50-59,"$30,000 to $59,999",Master's degree,Own home,"Hispanic, Spanish, or Latino/a/x;",5,5,5,5,5,5,5,5,5,5,5,5,3,5,4,5,5,5,4,0.957894737
291,10/24/2022 18:10,10/24/2022 18:11,"Broadband service (AT&T, Xfinity, etc.);",Laptop computer;Tablet;Desktop computer;,Woman,60-69,"$30,000 to $59,999",Master's degree,Own home,White;,5,5,4,5,4,4,4,3,3,1,1,1,4,4,1,1,1,3,1,0.578947368
293,10/24/2022 18:14,10/24/2022 18:16,"Broadband service (AT&T, Xfinity, etc.);",Smartphone or mobile phone;Desktop computer;,Man,18-29,"Under $15,000",Bachelor's degree,Rent home,"Hispanic, Spanish, or Latino/a/x;",5,5,5,5,5,5,5,5,5,5,5,5,4,5,4,4,4,3,3,0.915789474
294,10/24/2022 18:16,10/24/2022 18:17,"Broadband service (AT&T, Xfinity, etc.);","Smartphone or mobile phone;Laptop computer;Smart TV (e.g., Roku, Apple TV);Gaming console that connects to the internet;Voice-actvated device (e.g., Alexa, Google Home);",Woman,18-29,"Under $15,000",Bachelor's degree,Group housing,Black or African American;,5,4,5,5,5,5,5,5,4,5,5,5,4,5,5,5,4,3,5,0.936842105
295,10/24/2022 18:18,10/24/2022 18:19,I do not have in-home internet;,Laptop computer;,Man,60-69,"Under $15,000",Bachelor's degree,Own home,White;,4,2,3,5,2,2,3,3,3,2,2,2,2,3,2,2,3,3,3,0.536842105
296,10/24/2022 18:19,10/24/2022 18:21,"Broadband service (AT&T, Xfinity, etc.);","Smartphone or mobile phone;Laptop computer;Tablet;Smart TV (e.g., Roku, Apple TV);",Woman,70-79,"Under $15,000",Some college,Own home,White;,5,5,5,5,5,5,4,3,5,4,4,5,5,4,2,2,5,5,5,0.873684211
297,10/24/2022 18:21,10/24/2022 18:23,"Broadband service (AT&T, Xfinity, etc.);","Smartphone or mobile phone;Laptop computer;Tablet;Desktop computer;Smart TV (e.g., Roku, Apple TV);Gaming console that connects to the internet;Voice-actvated device (e.g., Alexa, Google Home);",Man,18-29,"$15,000 to $29,999",Some college,Group housing,"Hispanic, Spanish, or Latino/a/x;",5,5,4,5,5,5,5,5,5,5,4,4,5,5,5,5,5,5,5,0.968421053
298,10/24/2022 18:23,10/24/2022 18:26,"Broadband service (AT&T, Xfinity, etc.);","Laptop computer;Smart TV (e.g., Roku, Apple TV);",Woman,50-59,"$60,000 to $99,999 ",Some college,Rent home,Black or African American;,2,3,2,4,3,3,5,2,3,3,3,4,4,1,1,1,2,2,2,0.526315789
299,10/24/2022 18:26,10/24/2022 18:28,"Broadband service (AT&T, Xfinity, etc.);","Smartphone or mobile phone;Laptop computer;Desktop computer;Smart TV (e.g., Roku, Apple TV);Voice-actvated device (e.g., Alexa, Google Home);",Woman,70-79,"$60,000 to $99,999 ",Master's degree,Own home,White;,2,2,2,1,2,2,2,2,2,2,2,2,2,2,2,2,2,2,2,0.389473684
300,10/24/2022 18:28,10/24/2022 18:29,"Broadband service (AT&T, Xfinity, etc.);","Smartphone or mobile phone;Laptop computer;Tablet;Desktop computer;Smart TV (e.g., Roku, Apple TV);",Woman,70-79,"$60,000 to $99,999 ",Master's degree,Own home,White;,5,4,5,5,4,3,3,5,4,3,2,2,2,4,5,2,5,4,5,0.757894737
301,10/24/2022 18:29,10/24/2022 18:30,"Broadband service (AT&T, Xfinity, etc.);","Smartphone or mobile phone;Laptop computer;Tablet;Smart TV (e.g., Roku, Apple TV);Voice-actvated device (e.g., Alexa, Google Home);",Man,30-39,"$125,000 or more",Master's degree,Own home,White;,5,5,5,5,5,5,5,5,5,5,5,5,5,5,5,5,5,5,5,1
302,10/24/2022 18:30,10/24/2022 18:33,Mobile data plan;,Smartphone or mobile phone;Laptop computer;,Woman,70-79,"$30,000 to $59,999",Bachelor's degree,Own home,White;,1,1,1,4,3,3,1,1,1,1,1,1,1,4,4,1,1,1,1,0.336842105
303,10/24/2022 18:33,10/24/2022 18:34,"Broadband service (AT&T, Xfinity, etc.);",Smartphone or mobile phone;Tablet;Desktop computer;,Woman,70-79,"$60,000 to $99,999 ",Some college,Own home,White;,5,3,2,5,5,5,2,3,5,2,2,2,2,2,2,2,1,5,5,0.631578947
304,10/24/2022 18:34,10/24/2022 18:36,Mobile data plan;,"Smartphone or mobile phone;Laptop computer;Tablet;Desktop computer;Smart TV (e.g., Roku, Apple TV);Gaming console that connects to the internet;Voice-actvated device (e.g., Alexa, Google Home);",Woman,50-59,"$30,000 to $59,999",High school diploma or G.E.D.,Own home,White;,5,5,5,5,5,5,5,5,5,4,4,4,4,4,4,3,4,5,5,0.905263158
305,1/5/2023 17:13,1/5/2023 17:18,"Broadband service (AT&T, Xfinity, etc.);","Smartphone or mobile phone;Laptop computer;Tablet;Smart TV (e.g., Roku, Apple TV);",Woman,60-69,"$30,000 to $59,999",Master's degree,Own home,White;,5,5,5,5,5,4,5,5,4,4,5,5,5,5,4,4,1,4,4,0.884210526
